,attribute1,attribute2,attribute3,attribute4,attribute5,attribute6,attribute7,attribute8,class
0,0.352,0.472,0.008,0.137,0.222,0.191,0.338,0.399,1
1,0.444,0.566,0.006,0.012,0.168,0.13,0.397,0.504,2
2,0.466,0.572,0.006,0.137,0.158,0.21,0.448,0.515,2
3,0.462,0.556,0.007,0.226,0.208,0.21,0.44,0.523,1
4,0.376,0.477,0.008,0.21,0.201,0.17,0.347,0.429,1
5,0.377,0.486,0.008,0.157,0.226,0.17,0.405,0.429,1
6,0.485,0.544,0.006,0.48,0.43,0.297,0.457,0.553,1
7,0.467,0.503,0.005,0.48,0.462,0.38,0.465,0.476,2
8,0.384,0.44,0.009,0.367,0.022,0.042,0.405,0.39,1
9,0.419,0.476,0.008,0.448,0.125,0.21,0.414,0.438,1
10,0.36,0.45,0.009,0.226,0.244,0.231,0.381,0.408,1
11,0.304,0.364,0.01,0.427,0.427,0.297,0.312,0.352,1
12,0.328,0.375,0.009,0.52,0.412,0.34,0.312,0.39,1
13,0.346,0.401,0.009,0.492,0.337,0.297,0.355,0.399,1
14,0.352,0.427,0.01,0.468,0.1,0.17,0.405,0.371,1
15,0.349,0.44,0.01,0.294,0.129,0.21,0.355,0.399,1
16,0.371,0.443,0.01,0.258,0.133,0.21,0.473,0.381,1
17,0.458,0.54,0.007,0.177,0.258,0.191,0.423,0.534,2
18,0.422,0.531,0.008,0.117,0.344,0.297,0.364,0.494,2
19,0.382,0.463,0.011,0.214,0.315,0.231,0.347,0.438,1
20,0.321,0.399,0.01,0.391,0.161,0.17,0.381,0.333,1
21,0.464,0.539,0.007,0.452,0.082,0.13,0.541,0.467,1
22,0.498,0.579,0.006,0.415,0.122,0.13,0.507,0.523,1
23,0.499,0.597,0.007,0.294,0.151,0.17,0.465,0.553,2
24,0.465,0.546,0.008,0.242,0.505,0.507,0.414,0.534,2
25,0.363,0.395,0.01,0.496,0.305,0.38,0.355,0.418,1
26,0.329,0.395,0.01,0.411,0.158,0.149,0.328,0.371,1
27,0.362,0.453,0.009,0.282,0.165,0.38,0.364,0.418,1
28,0.334,0.385,0.01,0.423,0.577,0.467,0.338,0.39,1
29,0.296,0.324,0.011,0.496,0.219,0.297,0.388,0.296,1
30,0.446,0.464,0.008,0.516,0.079,0.108,0.5,0.457,1
31,0.431,0.441,0.007,0.528,0.398,0.488,0.448,0.467,1
32,0.25,0.258,0.009,0.532,0.409,0.38,0.321,0.247,1
33,0.247,0.305,0.011,0.577,0.039,0.108,0.295,0.276,1
34,0.315,0.381,0.011,0.375,0.09,0.13,0.288,0.371,1
35,0.362,0.439,0.009,0.319,0.305,0.34,0.347,0.438,2
36,0.362,0.44,0.007,0.302,0.394,0.359,0.355,0.371,2
37,0.346,0.372,0.01,0.512,0.151,0.21,0.49,0.322,1
38,0.483,0.437,0.01,0.508,0.19,0.278,0.567,0.448,1
39,0.547,0.491,0.008,0.536,0.136,0.149,0.601,0.504,1
40,0.527,0.529,0.01,0.504,0.179,0.297,0.567,0.476,2
41,0.565,0.554,0.009,0.496,0.28,0.38,0.567,0.561,2
42,0.528,0.541,0.01,0.476,0.14,0.191,0.652,0.494,1
43,0.616,0.604,0.007,0.46,0.054,0.149,0.652,0.571,1
44,0.556,0.557,0.009,0.419,0.29,0.38,0.601,0.534,1
45,0.47,0.438,0.011,0.444,0.24,0.34,0.534,0.438,1
46,0.596,0.529,0.007,0.496,0.082,0.13,0.71,0.561,1
47,0.514,0.564,0.007,0.286,0.183,0.13,0.537,0.523,2
48,0.418,0.529,0.009,0.121,0.247,0.191,0.364,0.494,2
49,0.321,0.379,0.012,0.339,0.434,0.34,0.338,0.352,2
50,0.283,0.315,0.013,0.48,0.211,0.21,0.271,0.322,1
51,0.28,0.304,0.013,0.516,0.075,0.13,0.312,0.314,1
52,0.348,0.363,0.011,0.524,0.1,0.17,0.414,0.352,1
53,0.398,0.464,0.009,0.383,0.165,0.191,0.397,0.438,2
54,0.404,0.503,0.008,0.161,0.201,0.231,0.364,0.457,2
55,0.35,0.454,0.008,0.117,0.197,0.278,0.321,0.381,1
56,0.223,0.308,0.01,0.415,0.527,0.554,0.211,0.276,1
57,0.187,0.253,0.013,0.512,0.186,0.21,0.236,0.191,1
58,0.303,0.363,0.011,0.536,0.254,0.257,0.448,0.296,1
59,0.537,0.539,0.008,0.544,0.24,0.231,0.617,0.523,1
60,0.61,0.608,0.008,0.496,0.244,0.318,0.669,0.561,1
61,0.672,0.72,0.007,0.44,0.473,0.38,0.626,0.705,1
62,0.675,0.773,0.008,0.262,0.233,0.297,0.617,0.724,2
63,0.634,0.745,0.01,0.31,0.194,0.17,0.585,0.705,2
64,0.655,0.722,0.01,0.395,0.072,0.108,0.702,0.647,1
65,0.693,0.704,0.009,0.419,0.043,0.108,0.71,0.628,1
66,0.665,0.647,0.01,0.524,0.211,0.257,0.669,0.665,1
67,0.635,0.674,0.008,0.431,0.211,0.231,0.617,0.686,2
68,0.61,0.677,0.006,0.278,0.176,0.191,0.677,0.601,1
69,0.596,0.652,0.005,0.488,0.355,0.34,0.652,0.639,2
70,0.558,0.582,0.006,0.536,0.125,0.191,0.652,0.523,1
71,0.602,0.61,0.005,0.472,0.33,0.278,0.617,0.647,2
72,0.572,0.634,0.007,0.331,0.219,0.21,0.55,0.58,1
73,0.58,0.594,0.008,0.407,0.237,0.214,0.593,0.59,1
74,0.613,0.63,0.007,0.355,0.366,0.297,0.567,0.676,2
75,0.631,0.692,0.006,0.31,0.391,0.297,0.669,0.665,2
76,0.512,0.567,0.006,0.508,0.495,0.406,0.55,0.561,2
77,0.495,0.541,0.009,0.488,0.437,0.297,0.431,0.571,1
78,0.46,0.517,0.01,0.456,0.362,0.297,0.423,0.523,2
79,0.426,0.449,0.01,0.496,0.308,0.257,0.388,0.485,1
80,0.431,0.447,0.01,0.464,0.032,0.083,0.481,0.418,1
81,0.548,0.509,0.008,0.484,0.093,0.21,0.601,0.515,1
82,0.654,0.561,0.007,0.54,0.161,0.231,0.763,0.561,1
83,0.669,0.611,0.007,0.448,0.269,0.406,0.71,0.601,2
84,0.444,0.411,0.01,0.476,0.197,0.427,0.576,0.448,2
85,0.549,0.488,0.008,0.512,0.344,0.34,0.643,0.494,1
86,0.693,0.653,0.006,0.52,0.33,0.38,0.71,0.686,2
87,0.667,0.689,0.006,0.387,0.179,0.38,0.643,0.705,2
88,0.605,0.728,0.006,0.161,0.211,0.149,0.601,0.62,1
89,0.534,0.669,0.005,0.129,0.416,0.34,0.524,0.571,2
90,0.457,0.589,0.007,0.234,0.312,0.359,0.397,0.523,2
91,0.471,0.603,0.006,0.254,0.237,0.257,0.414,0.553,2
92,0.483,0.589,0.006,0.387,0.491,0.38,0.507,0.534,2
93,0.554,0.573,0.009,0.601,0.204,0.359,0.643,0.504,1
94,0.7,0.677,0.006,0.536,0.373,0.34,0.719,0.705,1
95,0.716,0.664,0.005,0.552,0.427,0.34,0.702,0.705,1
96,0.599,0.643,0.007,0.431,0.269,0.297,0.643,0.647,2
97,0.554,0.623,0.008,0.435,0.272,0.257,0.5,0.62,2
98,0.588,0.682,0.003,0.403,0.631,0.573,0.557,0.62,2
99,0.56,0.612,0.007,0.464,0.366,0.507,0.576,0.571,1
100,0.582,0.666,0.006,0.286,0.194,0.191,0.576,0.628,2
101,0.535,0.601,0.007,0.371,0.337,0.231,0.534,0.58,2
102,0.573,0.571,0.009,0.464,0.183,0.149,0.584,0.542,1
103,0.629,0.563,0.009,0.504,0.129,0.068,0.601,0.639,1
104,0.616,0.572,0.008,0.544,0.244,0.257,0.601,0.628,1
105,0.618,0.597,0.007,0.516,0.154,0.34,0.677,0.601,2
106,0.577,0.689,0.007,0.319,0.366,0.34,0.534,0.62,2
107,0.556,0.546,0.009,0.528,0.247,0.231,0.593,0.534,1
108,0.621,0.613,0.008,0.544,0.172,0.191,0.626,0.62,1
109,0.63,0.695,0.007,0.411,0.186,0.191,0.584,0.695,2
110,0.608,0.702,0.008,0.218,0.19,0.17,0.55,0.676,2
111,0.601,0.656,0.008,0.44,0.219,0.17,0.55,0.657,2
112,0.591,0.612,0.008,0.46,0.136,0.149,0.584,0.553,1
113,0.603,0.694,0.008,0.254,0.226,0.21,0.567,0.639,2
114,0.621,0.725,0.008,0.226,0.165,0.149,0.567,0.686,2
115,0.616,0.692,0.01,0.27,0.093,0.108,0.626,0.59,1
116,0.674,0.725,0.008,0.427,0.247,0.359,0.643,0.714,2
117,0.679,0.791,0.007,0.141,0.315,0.231,0.617,0.751,2
118,0.729,0.823,0.005,0.347,0.344,0.278,0.669,0.781,2
119,0.68,0.776,0.004,0.427,0.197,0.17,0.643,0.733,2
120,0.644,0.737,0.006,0.327,0.362,0.318,0.626,0.686,2
121,0.623,0.699,0.007,0.266,0.161,0.149,0.601,0.665,2
122,0.631,0.717,0.006,0.407,0.254,0.34,0.601,0.665,2
123,0.722,0.767,0.003,0.504,0.405,0.507,0.729,0.743,2
124,0.682,0.691,0.007,0.532,0.495,0.38,0.686,0.695,1
125,0.706,0.689,0.008,0.556,0.215,0.278,0.729,0.665,1
126,0.776,0.835,0.005,0.456,0.201,0.17,0.763,0.791,2
127,0.681,0.675,0.006,0.52,0.444,0.34,0.736,0.676,1
128,0.676,0.643,0.006,0.435,0.287,0.231,0.677,0.686,2
129,0.706,0.661,0.008,0.496,0.161,0.17,0.719,0.665,1
130,0.715,0.683,0.008,0.5,0.258,0.278,0.702,0.733,2
131,0.702,0.663,0.008,0.48,0.165,0.17,0.71,0.665,2
132,0.728,0.803,0.008,0.319,0.19,0.149,0.686,0.762,2
133,0.638,0.712,0.008,0.415,0.337,0.359,0.617,0.676,2
134,0.664,0.691,0.009,0.48,0.276,0.21,0.643,0.705,2
135,0.694,0.713,0.009,0.508,0.136,0.149,0.686,0.665,1
136,0.685,0.736,0.009,0.383,0.262,0.257,0.669,0.733,2
137,0.719,0.807,0.006,0.302,0.369,0.594,0.736,0.751,2
138,0.685,0.757,0.005,0.44,0.473,0.406,0.694,0.724,2
139,0.69,0.722,0.009,0.581,0.204,0.191,0.71,0.676,1
140,0.748,0.744,0.009,0.488,0.115,0.13,0.736,0.724,1
141,0.762,0.796,0.008,0.504,0.197,0.21,0.702,0.791,2
142,0.726,0.825,0.007,0.202,0.104,0.149,0.677,0.781,2
143,0.736,0.822,0.007,0.173,0.125,0.13,0.719,0.743,2
144,0.786,0.833,0.008,0.343,0.168,0.13,0.746,0.791,1
145,0.794,0.869,0.008,0.351,0.24,0.231,0.729,0.847,2
146,0.801,0.885,0.007,0.407,0.215,0.21,0.736,0.867,2
147,0.824,0.891,0.005,0.46,0.258,0.231,0.813,0.837,2
148,0.859,0.884,0.005,0.46,0.258,0.38,0.814,0.858,2
149,0.695,0.769,0.007,0.383,0.412,0.318,0.786,0.695,2
150,0.696,0.802,0.008,0.157,0.276,0.191,0.694,0.743,2
151,0.711,0.762,0.008,0.488,0.348,0.318,0.686,0.705,2
152,0.715,0.713,0.009,0.5,0.247,0.278,0.719,0.705,1
153,0.741,0.695,0.009,0.544,0.165,0.13,0.729,0.695,1
154,0.774,0.762,0.008,0.544,0.161,0.257,0.77,0.743,1
155,0.823,0.829,0.007,0.484,0.305,0.257,0.822,0.81,1
156,0.867,0.88,0.007,0.379,0.362,0.318,0.83,0.867,1
157,0.893,0.893,0.008,0.391,0.369,0.297,0.863,0.905,2
158,0.898,0.894,0.009,0.391,0.28,0.231,0.846,0.877,1
159,0.879,0.854,0.009,0.367,0.265,0.257,0.83,0.858,1
160,0.869,0.833,0.009,0.448,0.233,0.191,0.839,0.858,1
161,0.88,0.855,0.008,0.464,0.24,0.21,0.846,0.877,1
162,0.89,0.851,0.008,0.435,0.179,0.191,0.863,0.867,1
163,0.912,0.906,0.008,0.367,0.186,0.231,0.863,0.905,1
164,0.885,0.878,0.008,0.423,0.262,0.318,0.839,0.877,1
165,0.872,0.855,0.007,0.492,0.269,0.21,0.822,0.886,2
166,0.791,0.859,0.007,0.395,0.28,0.297,0.71,0.847,2
167,0.775,0.88,0.007,0.274,0.344,0.257,0.694,0.828,2
168,0.818,0.893,0.007,0.319,0.24,0.21,0.786,0.847,2
169,0.836,0.894,0.007,0.419,0.194,0.318,0.796,0.837,2
170,0.816,0.83,0.008,0.415,0.287,0.231,0.763,0.837,1
171,0.778,0.721,0.009,0.306,0.315,0.257,0.746,0.781,1
172,0.744,0.718,0.009,0.44,0.183,0.913,0.736,0.714,1
173,0.776,0.756,0.008,0.419,0.215,0.231,0.746,0.772,1
174,0.825,0.846,0.006,0.387,0.333,0.278,0.805,0.837,1
175,0.82,0.875,0.004,0.48,0.254,0.278,0.786,0.828,2
176,0.803,0.868,0.006,0.444,0.287,0.297,0.753,0.819,2
177,0.819,0.797,0.008,0.5,0.222,0.231,0.822,0.781,1
178,0.85,0.836,0.009,0.492,0.226,0.21,0.813,0.837,1
179,0.861,0.88,0.008,0.472,0.254,0.21,0.872,0.858,2
180,0.896,0.886,0.008,0.488,0.204,0.17,0.872,0.896,1
181,0.902,0.89,0.008,0.488,0.215,0.21,0.915,0.886,2
182,0.951,0.962,0.007,0.476,0.158,0.13,0.923,0.933,1
183,0.989,0.946,0.007,0.448,0.219,0.191,0.999,0.952,1
184,0.992,0.955,0.007,0.423,0.229,0.191,0.965,0.963,1
185,0.98,0.982,0.007,0.395,0.28,0.278,0.931,0.963,1
186,0.937,0.983,0.007,0.363,0.233,0.231,0.889,0.933,2
187,0.889,0.94,0.008,0.448,0.19,0.278,0.839,0.886,2
188,0.882,0.792,0.008,0.5,0.222,0.236,0.839,0.847,2
189,0.878,0.799,0.008,0.484,0.151,0.17,0.839,0.847,1
190,0.88,0.859,0.007,0.484,0.226,0.231,0.839,0.886,2
191,0.848,0.875,0.007,0.52,0.226,0.17,0.796,0.886,1
192,0.86,0.871,0.007,0.44,0.197,0.21,0.855,0.847,1
193,0.889,0.921,0.006,0.52,0.194,0.278,0.846,0.886,1
194,0.876,0.915,0.007,0.48,0.14,0.149,0.839,0.886,1
195,0.887,0.94,0.007,0.504,0.183,0.318,0.855,0.867,2
196,0.849,0.949,0.007,0.48,0.168,0.149,0.846,0.877,2
197,0.894,0.902,0.007,0.484,0.151,0.17,0.872,0.858,1
198,0.935,0.911,0.006,0.472,0.312,0.257,0.923,0.923,1
199,0.926,0.851,0.007,0.488,0.154,0.21,0.923,0.858,1
200,0.926,0.896,0.008,0.492,0.229,0.21,0.898,0.886,1
201,0.928,0.943,0.008,0.44,0.323,0.278,0.889,0.923,1
202,0.871,0.922,0.008,0.452,0.237,0.427,0.855,0.837,2
203,0.751,0.81,0.009,0.496,0.219,0.21,0.729,0.791,1
204,0.815,0.897,0.008,0.496,0.154,0.13,0.755,0.858,1
205,0.873,0.961,0.008,0.359,0.208,0.21,0.839,0.896,2
206,0.882,0.941,0.008,0.343,0.183,0.17,0.839,0.886,1
207,0.893,0.921,0.007,0.387,0.168,0.21,0.863,0.886,1
208,0.88,0.905,0.007,0.496,0.215,0.17,0.839,0.896,1
209,0.906,0.953,0.007,0.331,0.287,0.278,0.855,0.905,1
210,0.963,0.972,0.006,0.367,0.308,0.257,0.931,0.944,1
211,0.924,0.922,0.007,0.48,0.208,0.191,0.889,0.952,1
212,0.931,0.947,0.006,0.48,0.254,0.21,0.898,0.944,1
213,0.945,0.929,0.006,0.48,0.283,0.278,0.923,0.923,1
214,0.961,0.942,0.006,0.48,0.312,0.278,0.915,0.923,1
215,0.97,0.937,0.006,0.472,0.319,0.231,0.931,0.952,1
216,0.879,0.909,0.007,0.419,0.262,0.21,0.906,0.877,2
217,0.812,0.88,0.007,0.419,0.19,0.21,0.763,0.858,2
218,0.864,0.946,0.007,0.343,0.226,0.149,0.846,0.905,2
219,0.938,0.979,0.007,0.448,0.269,0.257,0.898,0.952,1
220,0.946,0.963,0.007,0.484,0.337,0.297,0.889,0.944,1
221,0.869,0.842,0.008,0.504,0.305,0.21,0.863,0.877,2
222,0.812,0.789,0.009,0.492,0.111,0.17,0.813,0.791,1
223,0.845,0.857,0.009,0.456,0.129,0.108,0.822,0.858,2
224,0.837,0.89,0.009,0.464,0.201,0.191,0.805,0.877,2
225,0.863,0.94,0.009,0.266,0.244,0.17,0.839,0.905,2
226,0.898,0.903,0.008,0.403,0.276,0.297,0.872,0.877,1
227,0.878,0.877,0.007,0.48,0.276,0.231,0.863,0.847,1
228,0.88,0.9,0.007,0.375,0.176,0.149,0.872,0.867,1
229,0.933,0.951,0.008,0.258,0.215,0.21,0.906,0.923,1
230,0.94,0.951,0.008,0.246,0.247,0.17,0.915,0.923,1
231,0.937,0.926,0.008,0.266,0.247,0.191,0.906,0.923,1
232,0.912,0.909,0.007,0.286,0.28,0.231,0.898,0.923,2
233,0.843,0.864,0.008,0.371,0.208,0.17,0.786,0.877,2
234,0.807,0.835,0.009,0.488,0.215,0.191,0.786,0.81,2
235,0.81,0.852,0.008,0.448,0.265,0.257,0.779,0.847,2
236,0.841,0.902,0.008,0.395,0.179,0.13,0.822,0.837,1
237,0.86,0.9,0.008,0.339,0.186,0.149,0.83,0.858,1
238,0.858,0.911,0.008,0.347,0.194,0.257,0.805,0.867,1
239,0.857,0.935,0.008,0.278,0.211,0.13,0.805,0.905,1
240,0.757,0.793,0.009,0.431,0.409,0.359,0.796,0.762,2
241,0.676,0.696,0.009,0.452,0.208,0.21,0.66,0.714,2
242,0.692,0.683,0.009,0.496,0.118,0.108,0.694,0.676,1
243,0.702,0.674,0.01,0.504,0.129,0.13,0.71,0.665,1
244,0.747,0.739,0.009,0.5,0.226,0.191,0.736,0.743,1
245,0.789,0.828,0.007,0.399,0.194,0.149,0.763,0.828,2
246,0.815,0.814,0.008,0.504,0.129,0.13,0.846,0.781,1
247,0.811,0.748,0.009,0.504,0.154,0.149,0.805,0.791,1
248,0.794,0.766,0.009,0.492,0.244,0.231,0.83,0.772,1
249,0.829,0.848,0.007,0.403,0.315,0.297,0.796,0.819,1
250,0.739,0.7,0.009,0.48,0.237,0.191,0.746,0.714,1
251,0.764,0.733,0.008,0.5,0.272,0.231,0.77,0.781,1
252,0.725,0.794,0.007,0.46,0.355,0.38,0.71,0.751,2
253,0.572,0.647,0.01,0.492,0.254,0.278,0.55,0.601,2
254,0.556,0.599,0.011,0.444,0.308,0.34,0.541,0.609,2
255,0.537,0.505,0.011,0.496,0.233,0.231,0.567,0.523,1
256,0.601,0.565,0.009,0.46,0.38,0.318,0.601,0.62,1
257,0.634,0.653,0.009,0.423,0.197,0.21,0.66,0.647,2
258,0.664,0.648,0.008,0.48,0.125,0.13,0.702,0.609,1
259,0.707,0.665,0.007,0.5,0.143,0.149,0.779,0.647,1
260,0.757,0.766,0.007,0.46,0.172,0.149,0.796,0.714,1
261,0.774,0.801,0.008,0.472,0.24,0.257,0.796,0.751,1
262,0.812,0.898,0.006,0.278,0.355,0.318,0.753,0.858,2
263,0.802,0.866,0.005,0.399,0.441,0.446,0.746,0.8,2
264,0.71,0.737,0.007,0.452,0.258,0.488,0.729,0.695,2
265,0.734,0.807,0.007,0.472,0.183,0.21,0.694,0.781,2
266,0.657,0.695,0.007,0.48,0.136,0.17,0.669,0.657,1
267,0.709,0.679,0.006,0.46,0.344,0.427,0.71,0.724,1
268,0.693,0.724,0.004,0.351,0.351,0.278,0.677,0.743,2
269,0.62,0.691,0.006,0.419,0.477,0.359,0.541,0.686,2
270,0.608,0.636,0.008,0.496,0.226,0.231,0.626,0.601,1
271,0.631,0.668,0.008,0.52,0.147,0.17,0.643,0.665,2
272,0.649,0.686,0.008,0.484,0.147,0.13,0.677,0.628,1
273,0.692,0.687,0.008,0.484,0.14,0.083,0.736,0.657,1
274,0.756,0.738,0.009,0.516,0.222,0.318,0.813,0.714,1
275,0.81,0.786,0.007,0.54,0.305,0.359,0.83,0.772,1
276,0.747,0.699,0.007,0.488,0.473,0.406,0.763,0.751,2
277,0.616,0.559,0.009,0.5,0.462,0.38,0.617,0.639,1
278,0.634,0.604,0.008,0.54,0.104,0.108,0.677,0.62,1
279,0.682,0.623,0.008,0.496,0.276,0.318,0.719,0.657,1
280,0.768,0.679,0.007,0.484,0.287,0.231,0.729,0.772,1
281,0.682,0.656,0.008,0.532,0.197,0.257,0.71,0.639,1
282,0.69,0.681,0.007,0.504,0.348,0.34,0.669,0.733,2
283,0.592,0.558,0.009,0.48,0.563,0.467,0.55,0.639,2
284,0.527,0.54,0.008,0.496,0.28,0.231,0.567,0.504,1
285,0.606,0.573,0.006,0.476,0.219,0.278,0.669,0.59,1
286,0.633,0.649,0.004,0.476,0.416,0.507,0.617,0.59,2
287,0.556,0.564,0.008,0.452,0.502,0.554,0.584,0.571,2
288,0.585,0.58,0.008,0.48,0.115,0.083,0.634,0.571,1
289,0.571,0.628,0.006,0.48,0.093,0.17,0.557,0.571,1
290,0.596,0.644,0.004,0.48,0.459,0.467,0.55,0.628,2
291,0.582,0.525,0.007,0.516,0.509,0.406,0.576,0.601,1
292,0.547,0.513,0.009,0.544,0.172,0.231,0.576,0.553,1
293,0.5,0.578,0.01,0.379,0.398,0.297,0.457,0.553,2
294,0.469,0.585,0.009,0.206,0.244,0.214,0.414,0.553,2
295,0.492,0.603,0.007,0.129,0.28,0.34,0.423,0.571,2
296,0.445,0.458,0.009,0.476,0.556,0.427,0.414,0.485,2
297,0.369,0.373,0.01,0.488,0.452,0.34,0.364,0.399,1
298,0.366,0.389,0.011,0.48,0.194,0.17,0.431,0.352,1
299,0.504,0.558,0.009,0.286,0.376,0.278,0.55,0.534,1
300,0.54,0.614,0.006,0.431,0.197,0.149,0.55,0.561,1
301,0.463,0.509,0.008,0.46,0.419,0.507,0.5,0.494,1
302,0.399,0.439,0.011,0.48,0.201,0.231,0.405,0.438,1
303,0.516,0.52,0.006,0.48,0.398,0.231,0.626,0.504,1
304,0.495,0.549,0.005,0.339,0.47,0.446,0.593,0.438,2
305,0.313,0.362,0.01,0.435,0.455,0.406,0.288,0.343,1
306,0.392,0.463,0.008,0.48,0.211,0.21,0.431,0.408,1
307,0.44,0.508,0.009,0.448,0.154,0.278,0.414,0.476,1
308,0.421,0.511,0.009,0.371,0.136,0.149,0.465,0.438,2
309,0.469,0.577,0.009,0.202,0.233,0.191,0.423,0.534,1
310,0.47,0.576,0.009,0.29,0.208,0.231,0.534,0.476,1
311,0.51,0.591,0.008,0.407,0.358,0.318,0.507,0.561,1
312,0.476,0.561,0.009,0.359,0.219,0.359,0.55,0.476,1
313,0.569,0.603,0.008,0.504,0.258,0.257,0.584,0.58,1
314,0.525,0.521,0.01,0.532,0.29,0.446,0.524,0.494,1
315,0.464,0.432,0.01,0.496,0.323,0.257,0.465,0.485,1
316,0.468,0.475,0.008,0.524,0.305,0.38,0.49,0.504,2
317,0.398,0.417,0.01,0.492,0.376,0.359,0.431,0.457,1
318,0.388,0.401,0.01,0.48,0.262,0.297,0.466,0.399,1
319,0.495,0.535,0.008,0.48,0.176,0.17,0.557,0.485,1
320,0.541,0.585,0.006,0.444,0.154,0.191,0.524,0.523,1
321,0.414,0.5,0.006,0.21,0.685,0.507,0.473,0.408,2
322,0.278,0.357,0.01,0.508,0.265,0.297,0.288,0.304,1
323,0.357,0.418,0.009,0.524,0.251,0.149,0.381,0.399,1
324,0.495,0.523,0.006,0.484,0.179,0.108,0.634,0.485,1
325,0.555,0.595,0.007,0.532,0.147,0.191,0.576,0.534,1
326,0.573,0.604,0.006,0.46,0.244,0.191,0.634,0.571,1
327,0.548,0.566,0.008,0.476,0.276,0.257,0.55,0.542,1
328,0.459,0.453,0.009,0.524,0.276,0.34,0.507,0.457,1
329,0.509,0.409,0.008,0.52,0.513,0.594,0.5,0.515,2
330,0.383,0.436,0.01,0.274,0.151,0.594,0.355,0.438,1
331,0.378,0.498,0.01,0.226,0.247,0.278,0.328,0.457,1
332,0.326,0.439,0.009,0.109,0.616,0.703,0.338,0.257,1
333,0.148,0.194,0.012,0.52,0.491,0.34,0.159,0.199,1
334,0.191,0.273,0.012,0.476,0.122,0.13,0.252,0.21,1
335,0.253,0.305,0.011,0.448,0.312,0.21,0.244,0.296,1
336,0.229,0.314,0.01,0.448,0.262,0.191,0.228,0.296,1
337,0.336,0.461,0.008,0.073,0.312,0.257,0.355,0.371,2
338,0.425,0.547,0.007,0.214,0.158,0.149,0.44,0.429,2
339,0.415,0.522,0.01,0.375,0.129,0.083,0.414,0.438,1
340,0.429,0.531,0.01,0.351,0.215,0.17,0.465,0.467,1
341,0.469,0.547,0.009,0.383,0.229,0.149,0.414,0.542,2
342,0.443,0.527,0.009,0.222,0.362,0.34,0.381,0.523,2
343,0.4,0.496,0.009,0.23,0.491,0.38,0.373,0.476,1
344,0.396,0.457,0.01,0.327,0.183,0.17,0.338,0.476,1
345,0.393,0.472,0.009,0.274,0.143,0.13,0.338,0.467,2
346,0.348,0.427,0.01,0.222,0.254,0.191,0.312,0.418,1
347,0.345,0.43,0.01,0.262,0.276,0.21,0.295,0.429,2
348,0.349,0.449,0.01,0.306,0.276,0.297,0.328,0.39,1
349,0.397,0.47,0.01,0.5,0.301,0.257,0.338,0.485,1
350,0.391,0.463,0.009,0.528,0.308,0.318,0.431,0.408,1
351,0.407,0.441,0.011,0.448,0.323,0.231,0.364,0.467,1
352,0.32,0.404,0.011,0.431,0.172,0.231,0.328,0.352,1
353,0.392,0.463,0.01,0.375,0.294,0.191,0.423,0.448,1
354,0.434,0.537,0.008,0.19,0.258,0.149,0.397,0.504,2
355,0.426,0.545,0.007,0.117,0.172,0.149,0.364,0.515,2
356,0.43,0.528,0.008,0.21,0.176,0.17,0.372,0.515,2
357,0.388,0.486,0.008,0.206,0.38,0.318,0.355,0.457,1
358,0.269,0.363,0.008,0.367,0.29,0.318,0.295,0.285,1
359,0.341,0.442,0.007,0.125,0.401,0.278,0.288,0.408,1
360,0.213,0.306,0.012,0.427,0.301,0.231,0.236,0.266,1
361,0.146,0.209,0.013,0.48,0.233,0.17,0.152,0.21,1
362,0.111,0.178,0.013,0.492,0.201,0.149,0.152,0.124,1
363,0.25,0.334,0.009,0.48,0.244,0.21,0.347,0.257,1
364,0.438,0.516,0.008,0.532,0.262,0.231,0.423,0.448,1
365,0.402,0.526,0.009,0.198,0.226,0.297,0.381,0.429,1
366,0.474,0.559,0.007,0.387,0.441,0.427,0.431,0.534,2
367,0.475,0.545,0.008,0.504,0.104,0.13,0.541,0.485,1
368,0.526,0.568,0.007,0.496,0.147,0.13,0.643,0.476,1
369,0.488,0.548,0.007,0.492,0.229,0.34,0.541,0.494,1
370,0.286,0.363,0.011,0.448,0.362,0.34,0.328,0.304,1
371,0.446,0.542,0.007,0.23,0.351,0.38,0.507,0.438,1
372,0.474,0.605,0.004,0.137,0.24,0.297,0.524,0.494,2
373,0.194,0.271,0.006,0.173,1.0,0.722,0.338,0.199,2
374,0.097,0.141,0.01,0.44,0.548,0.677,0.152,0.151,1
375,0.218,0.288,0.009,0.536,0.308,0.257,0.278,0.257,1
376,0.339,0.433,0.009,0.48,0.265,0.257,0.44,0.352,1
377,0.382,0.458,0.008,0.44,0.427,0.38,0.397,0.381,1
378,0.225,0.299,0.008,0.315,0.38,0.297,0.244,0.296,2
379,0.23,0.318,0.009,0.423,0.226,0.21,0.261,0.276,1
380,0.315,0.385,0.007,0.448,0.448,0.467,0.321,0.362,1
381,0.209,0.317,0.007,0.109,0.602,0.573,0.219,0.276,1
382,0.176,0.228,0.01,0.516,0.412,0.507,0.202,0.191,1
383,0.338,0.389,0.008,0.552,0.412,0.359,0.414,0.285,1
384,0.188,0.231,0.009,0.484,0.548,0.637,0.388,0.18,1
385,0.112,0.194,0.012,0.302,0.384,0.278,0.126,0.172,1
386,0.056,0.142,0.011,0.5,0.215,0.17,0.142,0.047,1
387,0.126,0.202,0.01,0.524,0.168,0.13,0.135,0.151,1
388,0.011,0.074,0.013,0.464,0.373,0.446,0.144,0.028,1
389,0.012,0.101,0.013,0.488,0.161,0.191,0.083,0.028,1
390,0.089,0.183,0.013,0.52,0.154,0.278,0.261,0.075,1
391,0.31,0.373,0.011,0.407,0.254,0.278,0.295,0.343,1
392,0.336,0.398,0.01,0.444,0.287,0.231,0.448,0.322,1
393,0.486,0.562,0.006,0.464,0.118,0.13,0.5,0.494,1
394,0.546,0.616,0.007,0.536,0.269,0.318,0.517,0.59,2
395,0.528,0.608,0.007,0.524,0.165,0.149,0.593,0.542,1
396,0.56,0.573,0.006,0.496,0.57,0.616,0.541,0.609,1
397,0.462,0.425,0.01,0.5,0.81,0.594,0.423,0.515,1
398,0.416,0.431,0.011,0.601,0.297,0.278,0.431,0.429,1
399,0.498,0.517,0.008,0.54,0.301,0.318,0.576,0.485,1
400,0.517,0.568,0.006,0.524,0.262,0.359,0.524,0.542,2
401,0.401,0.473,0.008,0.411,0.538,0.573,0.397,0.399,2
402,0.281,0.334,0.011,0.427,0.416,0.507,0.388,0.276,1
403,0.432,0.432,0.007,0.48,0.398,0.38,0.397,0.485,1
404,0.388,0.445,0.007,0.48,0.315,0.297,0.423,0.429,1
405,0.494,0.532,0.005,0.48,0.211,0.191,0.508,0.457,1
406,0.603,0.589,0.005,0.492,0.201,0.231,0.593,0.609,1
407,0.505,0.599,0.008,0.347,0.233,0.149,0.55,0.553,2
408,0.454,0.579,0.007,0.085,0.305,0.236,0.423,0.515,2
409,0.54,0.599,0.005,0.226,0.541,0.488,0.534,0.59,2
410,0.543,0.418,0.007,0.504,0.208,0.231,0.669,0.494,1
411,0.611,0.472,0.006,0.476,0.229,0.149,0.652,0.62,1
412,0.44,0.487,0.006,0.444,0.384,0.257,0.584,0.467,1
413,0.312,0.348,0.008,0.435,0.588,0.446,0.312,0.343,2
414,0.242,0.262,0.011,0.452,0.663,0.467,0.278,0.276,1
415,0.253,0.253,0.012,0.5,0.369,0.38,0.338,0.247,1
416,0.366,0.351,0.007,0.48,0.351,0.406,0.405,0.39,1
417,0.373,0.328,0.007,0.48,0.563,0.529,0.397,0.399,1
418,0.274,0.288,0.01,0.44,0.29,0.359,0.312,0.304,1
419,0.395,0.431,0.009,0.484,0.301,0.278,0.481,0.408,1
420,0.461,0.439,0.007,0.391,0.416,0.359,0.457,0.476,1
421,0.323,0.39,0.009,0.282,0.577,0.467,0.372,0.362,1
422,0.171,0.21,0.013,0.452,0.534,0.427,0.202,0.18,1
423,0.189,0.227,0.013,0.536,0.495,0.427,0.295,0.21,1
424,0.315,0.314,0.012,0.536,0.262,0.21,0.423,0.285,1
425,0.459,0.356,0.011,0.516,0.405,0.38,0.526,0.448,1
426,0.55,0.415,0.01,0.484,0.412,0.297,0.601,0.542,1
427,0.607,0.479,0.008,0.48,0.362,0.257,0.643,0.58,1
428,0.631,0.582,0.006,0.492,0.118,0.108,0.686,0.58,1
429,0.598,0.578,0.007,0.452,0.315,0.359,0.652,0.609,1
430,0.529,0.468,0.008,0.496,0.186,0.17,0.576,0.485,1
431,0.536,0.497,0.006,0.484,0.28,0.467,0.557,0.534,2
432,0.495,0.51,0.007,0.403,0.269,0.38,0.541,0.457,1
433,0.508,0.411,0.008,0.484,0.323,0.34,0.517,0.494,1
434,0.417,0.416,0.009,0.371,0.616,0.507,0.405,0.448,1
435,0.422,0.439,0.01,0.468,0.634,0.406,0.473,0.429,1
436,0.444,0.371,0.009,0.512,0.297,0.297,0.473,0.408,1
437,0.47,0.372,0.009,0.472,0.136,0.231,0.517,0.438,1
438,0.547,0.501,0.007,0.46,0.427,0.446,0.517,0.609,2
439,0.583,0.648,0.004,0.399,0.398,0.467,0.61,0.553,2
440,0.277,0.364,0.008,0.27,0.86,0.764,0.347,0.304,2
441,0.296,0.343,0.011,0.536,0.283,0.297,0.372,0.296,1
442,0.434,0.432,0.011,0.52,0.351,0.231,0.49,0.429,1
443,0.508,0.486,0.009,0.472,0.244,0.231,0.524,0.542,1
444,0.54,0.57,0.008,0.387,0.341,0.359,0.55,0.542,1
445,0.519,0.604,0.008,0.266,0.333,0.38,0.55,0.504,2
446,0.447,0.492,0.01,0.468,0.362,0.297,0.448,0.476,1
447,0.497,0.523,0.01,0.448,0.24,0.406,0.567,0.476,1
448,0.655,0.546,0.006,0.484,0.337,0.231,0.736,0.601,1
449,0.648,0.59,0.005,0.359,0.448,0.488,0.736,0.59,2
450,0.447,0.482,0.009,0.331,0.624,0.446,0.414,0.504,1
451,0.443,0.451,0.012,0.444,0.305,0.231,0.457,0.476,1
452,0.449,0.426,0.01,0.468,0.161,0.149,0.507,0.408,1
453,0.557,0.461,0.007,0.492,0.337,0.21,0.541,0.571,1
454,0.508,0.515,0.008,0.407,0.258,0.21,0.517,0.534,1
455,0.525,0.566,0.009,0.278,0.204,0.17,0.55,0.504,1
456,0.631,0.544,0.008,0.48,0.283,0.297,0.729,0.561,1
457,0.781,0.675,0.005,0.472,0.416,0.34,0.846,0.724,1
458,0.623,0.64,0.005,0.399,0.53,0.446,0.69,0.601,2
459,0.497,0.531,0.007,0.488,0.423,0.427,0.534,0.515,1
460,0.483,0.561,0.007,0.262,0.416,0.38,0.517,0.523,2
461,0.502,0.571,0.008,0.476,0.477,0.34,0.557,0.523,2
462,0.57,0.558,0.008,0.544,0.219,0.21,0.584,0.542,1
463,0.701,0.594,0.006,0.54,0.441,0.488,0.77,0.676,1
464,0.76,0.687,0.004,0.496,0.391,0.359,0.746,0.751,1
465,0.739,0.601,0.004,0.46,0.251,0.257,0.736,0.724,2
466,0.602,0.627,0.006,0.379,0.53,0.467,0.669,0.601,2
467,0.665,0.636,0.007,0.532,0.219,0.231,0.677,0.676,2
468,0.598,0.588,0.008,0.472,0.473,0.427,0.66,0.601,2
469,0.587,0.56,0.01,0.492,0.251,0.21,0.643,0.534,1
470,0.709,0.637,0.007,0.48,0.28,0.257,0.746,0.695,1
471,0.753,0.622,0.004,0.423,0.516,0.507,0.719,0.751,2
472,0.574,0.533,0.007,0.472,0.652,0.594,0.626,0.571,2
473,0.593,0.572,0.008,0.48,0.125,0.108,0.61,0.571,2
474,0.601,0.673,0.007,0.343,0.294,0.297,0.601,0.665,2
475,0.569,0.591,0.008,0.331,0.527,0.446,0.557,0.609,2
476,0.58,0.534,0.007,0.48,0.269,0.231,0.593,0.542,1
477,0.616,0.573,0.007,0.48,0.247,0.191,0.601,0.609,1
478,0.648,0.657,0.007,0.448,0.233,0.278,0.686,0.676,2
479,0.615,0.683,0.007,0.407,0.222,0.278,0.652,0.62,2
480,0.599,0.705,0.008,0.294,0.265,0.17,0.567,0.665,1
481,0.658,0.713,0.009,0.278,0.262,0.278,0.593,0.714,2
482,0.603,0.65,0.009,0.391,0.262,0.191,0.593,0.647,2
483,0.632,0.713,0.009,0.185,0.244,0.191,0.652,0.676,2
484,0.713,0.809,0.007,0.194,0.244,0.21,0.686,0.743,2
485,0.751,0.862,0.007,0.335,0.24,0.297,0.702,0.781,2
486,0.627,0.713,0.008,0.286,0.452,0.359,0.643,0.665,2
487,0.603,0.635,0.01,0.488,0.287,0.21,0.557,0.647,2
488,0.551,0.604,0.01,0.347,0.197,0.17,0.534,0.609,2
489,0.573,0.675,0.01,0.218,0.136,0.13,0.557,0.609,2
490,0.614,0.712,0.008,0.262,0.341,0.318,0.541,0.676,2
491,0.687,0.816,0.006,0.048,0.222,0.21,0.694,0.724,2
492,0.791,0.894,0.006,0.242,0.244,0.467,0.763,0.828,2
493,0.862,0.885,0.005,0.44,0.401,0.38,0.855,0.858,1
494,0.846,0.878,0.005,0.448,0.269,0.359,0.83,0.8,2
495,0.879,0.847,0.004,0.5,0.348,0.359,0.839,0.905,1
496,0.781,0.747,0.006,0.46,0.24,0.257,0.763,0.81,2
497,0.746,0.725,0.007,0.46,0.158,0.17,0.746,0.714,1
498,0.754,0.745,0.007,0.496,0.161,0.191,0.729,0.791,2
499,0.731,0.794,0.006,0.415,0.344,0.34,0.694,0.762,2
500,0.691,0.798,0.007,0.258,0.384,0.318,0.617,0.751,2
501,0.645,0.782,0.008,0.097,0.254,0.231,0.576,0.714,2
502,0.626,0.765,0.007,0.129,0.262,0.21,0.567,0.695,2
503,0.649,0.747,0.005,0.286,0.409,0.359,0.634,0.686,2
504,0.631,0.74,0.007,0.331,0.247,0.21,0.567,0.695,2
505,0.661,0.722,0.008,0.306,0.197,0.17,0.677,0.695,2
506,0.691,0.711,0.009,0.444,0.244,0.257,0.686,0.695,1
507,0.701,0.732,0.008,0.395,0.312,0.278,0.66,0.751,2
508,0.737,0.803,0.008,0.315,0.258,0.297,0.71,0.762,2
509,0.751,0.715,0.008,0.512,0.24,0.318,0.71,0.772,2
510,0.667,0.704,0.009,0.488,0.38,0.318,0.652,0.676,1
511,0.679,0.683,0.008,0.48,0.168,0.191,0.719,0.647,1
512,0.744,0.773,0.007,0.395,0.251,0.278,0.71,0.751,2
513,0.764,0.818,0.007,0.407,0.197,0.297,0.719,0.8,2
514,0.693,0.773,0.008,0.407,0.323,0.297,0.634,0.743,2
515,0.725,0.715,0.009,0.448,0.233,0.257,0.746,0.686,1
516,0.764,0.701,0.008,0.46,0.154,0.149,0.779,0.705,1
517,0.797,0.77,0.007,0.464,0.154,0.21,0.805,0.743,1
518,0.838,0.779,0.007,0.444,0.129,0.13,0.839,0.781,1
519,0.839,0.808,0.007,0.444,0.129,0.191,0.839,0.819,2
520,0.806,0.843,0.008,0.375,0.118,0.108,0.846,0.791,1
521,0.895,0.871,0.008,0.492,0.1,0.108,0.846,0.867,1
522,0.881,0.886,0.008,0.488,0.208,0.21,0.822,0.886,2
523,0.846,0.927,0.007,0.468,0.19,0.278,0.822,0.886,2
524,0.803,0.893,0.007,0.375,0.247,0.213,0.753,0.867,2
525,0.803,0.845,0.007,0.379,0.151,0.149,0.805,0.791,1
526,0.854,0.893,0.006,0.44,0.208,0.17,0.855,0.828,1
527,0.875,0.903,0.007,0.464,0.28,0.278,0.83,0.886,2
528,0.883,0.92,0.006,0.476,0.38,0.318,0.839,0.896,2
529,0.824,0.876,0.007,0.444,0.283,0.297,0.839,0.819,2
530,0.816,0.903,0.006,0.399,0.219,0.34,0.796,0.837,2
531,0.835,0.867,0.007,0.427,0.161,0.149,0.779,0.819,1
532,0.835,0.875,0.008,0.484,0.272,0.257,0.796,0.837,1
533,0.862,0.898,0.008,0.48,0.323,0.278,0.822,0.858,1
534,0.881,0.927,0.008,0.435,0.312,0.297,0.83,0.886,1
535,0.907,0.954,0.008,0.399,0.369,0.318,0.863,0.944,2
536,0.937,0.934,0.007,0.363,0.297,0.231,0.872,0.952,1
537,0.907,0.891,0.008,0.472,0.136,0.13,0.863,0.923,1
538,0.872,0.853,0.008,0.335,0.143,0.13,0.835,0.875,1
539,0.884,0.894,0.007,0.278,0.14,0.13,0.835,0.875,1
540,0.827,0.809,0.008,0.278,0.194,0.344,0.79,0.824,1
541,0.775,0.866,0.007,0.258,0.276,0.318,0.713,0.824,2
542,0.817,0.879,0.007,0.278,0.247,0.195,0.774,0.841,1
543,0.852,0.92,0.007,0.278,0.168,0.17,0.82,0.892,1
544,0.86,0.876,0.007,0.27,0.168,0.13,0.79,0.892,1
545,0.834,0.815,0.007,0.278,0.244,0.214,0.79,0.875,2
546,0.769,0.741,0.008,0.278,0.229,0.17,0.744,0.755,1
547,0.75,0.742,0.009,0.278,0.129,0.13,0.729,0.721,1
548,0.769,0.804,0.009,0.278,0.194,0.17,0.729,0.789,1
549,0.824,0.866,0.008,0.27,0.211,0.236,0.805,0.858,2
550,0.834,0.826,0.007,0.278,0.125,0.149,0.79,0.841,1
551,0.826,0.854,0.007,0.278,0.158,0.17,0.774,0.841,1
552,0.828,0.829,0.007,0.278,0.111,0.149,0.805,0.806,2
553,0.853,0.869,0.007,0.278,0.208,0.195,0.79,0.875,2
554,0.895,0.916,0.007,0.278,0.326,0.278,0.897,0.858,1
555,0.957,0.943,0.007,0.278,0.194,0.149,0.897,0.961,1
556,0.914,0.966,0.007,0.278,0.183,0.17,0.881,0.927,2
557,0.821,0.938,0.007,0.206,0.208,0.149,0.744,0.875,2
558,0.807,0.904,0.007,0.222,0.158,0.13,0.774,0.858,2
559,0.83,0.915,0.008,0.274,0.14,0.278,0.759,0.841,2
560,0.812,0.856,0.008,0.278,0.201,0.214,0.79,0.789,1
561,0.821,0.835,0.008,0.278,0.258,0.278,0.759,0.824,1
562,0.789,0.796,0.009,0.278,0.197,0.236,0.759,0.772,1
563,0.789,0.832,0.009,0.278,0.14,0.149,0.744,0.806,1
564,0.787,0.865,0.009,0.278,0.254,0.195,0.774,0.806,2
565,0.824,0.881,0.009,0.266,0.219,0.493,0.79,0.824,2
566,0.841,0.89,0.008,0.278,0.197,0.236,0.805,0.858,1
567,0.795,0.825,0.009,0.278,0.211,0.17,0.774,0.824,1
568,0.775,0.829,0.009,0.278,0.129,0.13,0.713,0.789,1
569,0.783,0.848,0.008,0.278,0.118,0.087,0.729,0.806,2
570,0.794,0.861,0.008,0.278,0.179,0.191,0.759,0.789,1
571,0.822,0.897,0.007,0.274,0.301,0.236,0.774,0.841,1
572,0.852,0.954,0.006,0.23,0.405,0.427,0.79,0.909,2
573,0.852,0.935,0.006,0.278,0.305,0.384,0.805,0.858,2
574,0.906,0.97,0.007,0.355,0.305,0.297,0.866,0.944,1
575,0.852,0.899,0.008,0.464,0.276,0.427,0.805,0.858,2
576,0.815,0.841,0.01,0.403,0.154,0.149,0.79,0.806,2
577,0.836,0.871,0.01,0.427,0.115,0.149,0.79,0.841,1
578,0.817,0.88,0.009,0.391,0.19,0.278,0.774,0.858,1
579,0.758,0.841,0.008,0.395,0.208,0.149,0.683,0.824,1
580,0.772,0.853,0.009,0.238,0.1,0.13,0.759,0.772,1
581,0.812,0.87,0.009,0.319,0.194,0.149,0.79,0.806,1
582,0.848,0.888,0.008,0.347,0.125,0.087,0.805,0.858,1
583,0.807,0.845,0.009,0.427,0.161,0.17,0.79,0.806,1
584,0.762,0.845,0.009,0.387,0.194,0.17,0.729,0.824,2
585,0.767,0.885,0.008,0.206,0.197,0.149,0.698,0.824,1
586,0.798,0.896,0.008,0.218,0.215,0.17,0.744,0.858,2
587,0.829,0.937,0.008,0.327,0.204,0.17,0.744,0.892,2
588,0.816,0.918,0.009,0.29,0.161,0.17,0.774,0.858,1
589,0.845,0.929,0.008,0.383,0.28,0.297,0.82,0.858,1
590,0.845,0.935,0.008,0.286,0.29,0.257,0.79,0.892,2
591,0.794,0.851,0.01,0.415,0.176,0.13,0.744,0.806,1
592,0.79,0.841,0.01,0.444,0.136,0.13,0.759,0.789,1
593,0.795,0.88,0.008,0.391,0.172,0.13,0.759,0.824,2
594,0.82,0.907,0.008,0.415,0.186,0.344,0.79,0.841,2
595,0.803,0.891,0.008,0.347,0.172,0.17,0.774,0.841,2
596,0.823,0.906,0.009,0.242,0.172,0.108,0.79,0.841,2
597,0.836,0.896,0.009,0.238,0.129,0.13,0.79,0.841,1
598,0.82,0.887,0.009,0.298,0.179,0.149,0.774,0.841,1
599,0.809,0.868,0.008,0.323,0.226,0.195,0.759,0.824,1
600,0.796,0.858,0.007,0.254,0.251,0.257,0.774,0.806,1
601,0.819,0.878,0.007,0.242,0.269,0.195,0.79,0.841,1
602,0.812,0.888,0.007,0.19,0.24,0.214,0.774,0.841,2
603,0.834,0.901,0.007,0.274,0.233,0.257,0.805,0.841,1
604,0.841,0.889,0.008,0.226,0.287,0.257,0.79,0.858,1
605,0.821,0.863,0.008,0.185,0.222,0.149,0.79,0.824,1
606,0.804,0.876,0.007,0.194,0.136,0.108,0.759,0.841,2
607,0.771,0.86,0.007,0.262,0.269,0.195,0.698,0.824,1
608,0.759,0.804,0.008,0.29,0.115,0.108,0.79,0.738,1
609,0.792,0.822,0.008,0.423,0.19,0.214,0.805,0.772,1
610,0.797,0.824,0.008,0.452,0.262,0.318,0.774,0.824,2
611,0.686,0.712,0.009,0.444,0.233,0.214,0.668,0.669,2
612,0.679,0.724,0.009,0.452,0.151,0.149,0.652,0.686,1
613,0.674,0.664,0.008,0.468,0.151,0.13,0.683,0.669,1
614,0.667,0.709,0.007,0.395,0.186,0.108,0.652,0.721,2
615,0.717,0.743,0.007,0.395,0.237,0.149,0.683,0.738,1
616,0.702,0.738,0.009,0.419,0.219,0.17,0.683,0.704,1
617,0.702,0.766,0.009,0.415,0.297,0.257,0.652,0.738,1
618,0.701,0.779,0.008,0.278,0.401,0.384,0.637,0.755,2
619,0.699,0.742,0.006,0.367,0.315,0.318,0.698,0.669,1
620,0.702,0.701,0.007,0.411,0.308,0.318,0.698,0.704,1
621,0.701,0.714,0.007,0.431,0.136,0.149,0.698,0.669,1
622,0.713,0.783,0.007,0.379,0.265,0.236,0.668,0.755,2
623,0.653,0.696,0.009,0.427,0.151,0.214,0.637,0.635,1
624,0.66,0.742,0.008,0.355,0.222,0.257,0.622,0.721,2
625,0.622,0.718,0.006,0.234,0.369,0.318,0.561,0.669,2
626,0.595,0.641,0.007,0.399,0.337,0.344,0.591,0.601,1
627,0.643,0.643,0.008,0.48,0.222,0.195,0.668,0.618,1
628,0.682,0.715,0.008,0.48,0.19,0.195,0.683,0.669,1
629,0.748,0.774,0.008,0.435,0.244,0.257,0.774,0.738,1
630,0.763,0.769,0.007,0.448,0.369,0.318,0.759,0.738,1
631,0.677,0.695,0.009,0.444,0.43,0.427,0.698,0.686,1
632,0.584,0.583,0.012,0.448,0.258,0.17,0.591,0.601,1
633,0.639,0.678,0.01,0.456,0.301,0.257,0.652,0.652,1
634,0.708,0.725,0.009,0.452,0.283,0.257,0.729,0.686,1
635,0.723,0.792,0.009,0.355,0.215,0.149,0.698,0.738,1
636,0.657,0.688,0.009,0.391,0.269,0.236,0.668,0.686,2
637,0.602,0.654,0.008,0.46,0.111,0.087,0.637,0.566,1
638,0.65,0.683,0.008,0.464,0.269,0.318,0.637,0.652,1
639,0.588,0.578,0.01,0.48,0.244,0.214,0.591,0.566,1
640,0.618,0.009,0.601,0.48,0.312,0.318,0.698,0.617,1
641,0.712,0.007,0.704,0.476,0.244,0.236,0.744,0.739,1
642,0.756,0.008,0.738,0.387,0.143,0.149,0.79,0.813,1
643,0.786,0.008,0.772,0.48,0.301,0.344,0.79,0.813,1
644,0.76,0.007,0.772,0.464,0.226,0.257,0.713,0.757,1
645,0.749,0.006,0.755,0.359,0.226,0.297,0.744,0.821,1
646,0.662,0.005,0.652,0.347,0.538,0.467,0.713,0.704,2
647,0.563,0.009,0.566,0.48,0.348,0.318,0.545,0.526,1
648,0.612,0.007,0.618,0.444,0.409,0.384,0.668,0.545,1
649,0.693,0.005,0.704,0.444,0.434,0.344,0.668,0.655,1
650,0.585,0.007,0.583,0.44,0.48,0.344,0.637,0.595,1
651,0.493,0.007,0.532,0.315,0.502,0.533,0.484,0.536,2
652,0.542,0.005,0.549,0.335,0.616,0.573,0.622,0.575,2
653,0.578,0.007,0.532,0.48,0.179,0.278,0.622,0.607,1
654,0.64,0.005,0.686,0.48,0.358,0.297,0.591,0.69,1
655,0.738,0.005,0.755,0.431,0.513,0.512,0.744,0.719,1
656,0.603,0.01,0.618,0.395,0.362,0.257,0.622,0.586,1
657,0.543,0.01,0.549,0.456,0.194,0.214,0.561,0.578,1
658,0.666,0.005,0.721,0.371,0.419,0.406,0.637,0.706,2
659,0.501,0.007,0.498,0.415,0.767,0.764,0.561,0.494,2
660,0.444,0.01,0.498,0.472,0.28,0.278,0.393,0.407,1
661,0.432,0.009,0.446,0.48,0.215,0.236,0.439,0.452,1
662,0.425,0.01,0.412,0.387,0.283,0.236,0.439,0.414,1
663,0.51,0.009,0.498,0.44,0.229,0.318,0.606,0.523,1
664,0.567,0.007,0.635,0.375,0.351,0.257,0.53,0.648,2
665,0.583,0.008,0.635,0.165,0.197,0.214,0.561,0.697,2
666,0.596,0.007,0.635,0.246,0.405,0.446,0.53,0.676,2
667,0.514,0.008,0.532,0.431,0.197,0.195,0.545,0.53,1
668,0.512,0.009,0.549,0.395,0.495,0.493,0.484,0.518,1
669,0.462,0.009,0.515,0.391,0.222,0.257,0.423,0.5,1
670,0.384,0.01,0.446,0.407,0.312,0.297,0.393,0.441,1
671,0.371,0.012,0.463,0.355,0.194,0.13,0.316,0.438,1
672,0.376,0.013,0.446,0.431,0.197,0.13,0.332,0.407,1
673,0.385,0.013,0.463,0.298,0.283,0.195,0.332,0.465,2
674,0.381,0.012,0.463,0.266,0.401,0.363,0.347,0.474,2
675,0.494,0.008,0.498,0.133,0.677,0.467,0.545,0.612,2
676,0.625,0.006,0.601,0.202,0.409,0.406,0.576,0.742,2
677,0.376,0.009,0.412,0.315,0.48,0.344,0.393,0.479,2
678,0.413,0.01,0.446,0.371,0.158,0.17,0.423,0.505,1
679,0.464,0.008,0.515,0.391,0.283,0.236,0.439,0.539,1
680,0.446,0.007,0.515,0.169,0.319,0.236,0.408,0.552,2
681,0.431,0.009,0.498,0.234,0.326,0.297,0.393,0.539,2
682,0.433,0.01,0.498,0.206,0.33,0.278,0.393,0.548,2
683,0.469,0.007,0.463,0.048,0.337,0.363,0.423,0.6,2
684,0.289,0.011,0.343,0.266,0.538,0.384,0.301,0.396,2
685,0.269,0.011,0.309,0.403,0.276,0.195,0.301,0.371,1
686,0.258,0.012,0.292,0.48,0.287,0.214,0.271,0.337,1
687,0.324,0.013,0.378,0.335,0.194,0.195,0.316,0.426,1
688,0.402,0.01,0.395,0.339,0.251,0.278,0.515,0.478,1
689,0.475,0.007,0.549,0.278,0.362,0.278,0.423,0.577,2
690,0.428,0.006,0.48,0.29,0.405,0.297,0.393,0.533,1
691,0.392,0.007,0.412,0.359,0.29,0.236,0.393,0.484,1
692,0.372,0.007,0.412,0.294,0.251,0.214,0.362,0.485,1
693,0.363,0.009,0.36,0.282,0.272,0.278,0.377,0.467,1
694,0.414,0.009,0.48,0.399,0.247,0.318,0.393,0.518,1
695,0.371,0.006,0.395,0.246,0.344,0.344,0.393,0.477,1
696,0.452,0.005,0.498,0.423,0.251,0.214,0.469,0.517,1
697,0.448,0.007,0.429,0.48,0.262,0.363,0.469,0.498,1
698,0.419,0.009,0.463,0.407,0.312,0.236,0.408,0.478,1
699,0.403,0.008,0.446,0.371,0.251,0.236,0.454,0.48,1
700,0.48,0.005,0.498,0.331,0.143,0.214,0.484,0.563,1
701,0.456,0.006,0.532,0.185,0.24,0.195,0.408,0.562,1
702,0.463,0.008,0.463,0.185,0.165,0.214,0.454,0.578,1
703,0.485,0.009,0.532,0.258,0.204,0.17,0.469,0.592,2
704,0.452,0.009,0.515,0.093,0.28,0.214,0.423,0.582,2
705,0.385,0.01,0.429,0.298,0.552,0.446,0.377,0.472,1
706,0.365,0.008,0.395,0.411,0.262,0.427,0.393,0.454,1
707,0.281,0.009,0.326,0.327,0.62,0.493,0.316,0.348,1
708,0.188,0.009,0.24,0.218,0.735,0.512,0.179,0.275,1
709,0.147,0.01,0.206,0.343,0.534,0.427,0.179,0.245,1
710,0.213,0.009,0.206,0.48,0.33,0.297,0.332,0.312,1
711,0.422,0.006,0.463,0.472,0.276,0.344,0.393,0.48,1
712,0.316,0.008,0.378,0.29,0.348,0.236,0.316,0.42,1
713,0.234,0.008,0.275,0.238,0.53,0.554,0.225,0.345,2
714,0.132,0.011,0.189,0.278,0.573,0.512,0.133,0.221,1
715,0.161,0.011,0.223,0.323,0.283,0.195,0.179,0.258,1
716,0.158,0.01,0.223,0.234,0.301,0.214,0.148,0.265,1
717,0.258,0.008,0.24,0.218,0.215,0.149,0.332,0.38,2
718,0.305,0.007,0.326,0.25,0.24,0.344,0.377,0.417,1
719,0.219,0.01,0.275,0.367,0.229,0.214,0.225,0.312,1
720,0.302,0.009,0.326,0.254,0.269,0.257,0.377,0.412,1
721,0.302,0.01,0.343,0.129,0.269,0.214,0.301,0.419,1
722,0.448,0.008,0.463,0.101,0.219,0.195,0.484,0.574,2
723,0.542,0.006,0.583,0.371,0.176,0.13,0.545,0.646,1
724,0.507,0.005,0.515,0.302,0.158,0.214,0.484,0.609,2
725,0.501,0.004,0.549,0.133,0.448,0.446,0.469,0.617,2
726,0.35,0.007,0.412,0.379,0.713,0.533,0.377,0.42,1
727,0.286,0.01,0.326,0.444,0.43,0.406,0.347,0.339,1
728,0.305,0.011,0.292,0.379,0.251,0.257,0.393,0.389,1
729,0.388,0.009,0.378,0.415,0.247,0.214,0.439,0.427,1
730,0.349,0.007,0.326,0.278,0.423,0.66,0.362,0.427,1
731,0.079,0.008,0.12,0.101,0.885,0.66,0.148,0.18,1
732,0.078,0.01,0.12,0.274,0.588,0.493,0.133,0.179,1
733,0.089,0.013,0.137,0.351,0.448,0.278,0.118,0.191,1
734,0.172,0.014,0.24,0.335,0.297,0.257,0.179,0.27,1
735,0.236,0.012,0.275,0.238,0.326,0.318,0.225,0.352,1
736,0.312,0.007,0.378,0.149,0.348,0.493,0.301,0.429,2
737,0.207,0.011,0.206,0.327,0.728,0.703,0.316,0.274,1
738,0.121,0.012,0.12,0.448,0.194,0.278,0.179,0.198,1
739,0.225,0.01,0.189,0.456,0.24,0.236,0.393,0.301,1
740,0.456,0.009,0.463,0.464,0.272,0.236,0.5,0.523,1
741,0.507,0.008,0.48,0.391,0.165,0.17,0.561,0.556,1
742,0.543,0.006,0.583,0.359,0.237,0.149,0.515,0.645,2
743,0.456,0.006,0.446,0.383,0.509,0.493,0.484,0.513,1
744,0.263,0.009,0.292,0.444,0.362,0.297,0.316,0.348,1
745,0.328,0.008,0.326,0.298,0.401,0.384,0.332,0.417,2
746,0.144,0.011,0.189,0.351,0.513,0.427,0.179,0.225,1
747,0.118,0.011,0.189,0.246,0.341,0.214,0.118,0.224,1
748,0.169,0.011,0.24,0.25,0.448,0.467,0.148,0.267,1
749,0.107,0.013,0.12,0.371,0.305,0.297,0.225,0.197,1
750,0.272,0.011,0.326,0.367,0.391,0.363,0.286,0.353,1
751,0.299,0.01,0.275,0.363,0.269,0.278,0.469,0.381,1
752,0.538,0.006,0.566,0.431,0.226,0.344,0.561,0.556,1
753,0.535,0.007,0.549,0.444,0.172,0.195,0.53,0.587,1
754,0.478,0.009,0.463,0.411,0.168,0.149,0.484,0.56,1
755,0.449,0.009,0.515,0.31,0.265,0.195,0.439,0.548,1
756,0.416,0.008,0.48,0.129,0.459,0.427,0.362,0.532,2
757,0.371,0.011,0.446,0.343,0.43,0.384,0.347,0.479,1
758,0.331,0.011,0.395,0.254,0.197,0.149,0.286,0.449,1
759,0.35,0.011,0.429,0.121,0.237,0.236,0.301,0.465,1
760,0.344,0.011,0.412,0.282,0.201,0.195,0.316,0.44,1
761,0.331,0.011,0.378,0.294,0.222,0.17,0.347,0.428,1
762,0.352,0.01,0.412,0.262,0.358,0.363,0.301,0.457,1
763,0.321,0.01,0.395,0.262,0.28,0.257,0.301,0.435,1
764,0.308,0.01,0.36,0.371,0.369,0.384,0.332,0.372,1
765,0.253,0.01,0.275,0.399,0.208,0.149,0.316,0.354,1
766,0.39,0.009,0.429,0.278,0.262,0.363,0.408,0.479,1
767,0.362,0.01,0.395,0.335,0.294,0.318,0.362,0.458,1
768,0.364,0.011,0.412,0.242,0.419,0.446,0.377,0.467,1
769,0.464,0.009,0.463,0.319,0.269,0.17,0.561,0.555,1
770,0.595,0.007,0.601,0.367,0.244,0.278,0.606,0.627,1
771,0.482,0.009,0.498,0.456,0.269,0.236,0.5,0.529,1
772,0.52,0.008,0.566,0.323,0.233,0.278,0.53,0.608,2
773,0.461,0.007,0.515,0.29,0.631,0.467,0.469,0.538,1
774,0.409,0.01,0.412,0.351,0.283,0.384,0.469,0.476,1
775,0.393,0.012,0.378,0.46,0.366,0.427,0.454,0.418,2
776,0.362,0.013,0.412,0.323,0.194,0.17,0.347,0.43,1
777,0.362,0.011,0.36,0.367,0.251,0.257,0.423,0.453,1
778,0.454,0.007,0.498,0.226,0.244,0.363,0.408,0.559,2
779,0.356,0.007,0.412,0.278,0.423,0.318,0.332,0.462,1
780,0.432,0.007,0.446,0.254,0.416,0.297,0.454,0.547,2
781,0.49,0.006,0.515,0.25,0.416,0.384,0.454,0.592,2
782,0.44,0.009,0.446,0.387,0.233,0.278,0.5,0.501,1
783,0.489,0.007,0.532,0.411,0.323,0.257,0.484,0.528,1
784,0.426,0.008,0.446,0.387,0.502,0.427,0.469,0.474,1
785,0.348,0.01,0.343,0.411,0.355,0.257,0.423,0.392,1
786,0.403,0.011,0.412,0.452,0.283,0.214,0.408,0.428,1
787,0.482,0.009,0.48,0.431,0.387,0.297,0.576,0.492,1
788,0.495,0.009,0.463,0.379,0.297,0.344,0.637,0.516,1
789,0.588,0.009,0.583,0.464,0.466,0.594,0.591,0.583,2
790,0.552,0.008,0.532,0.484,0.294,0.214,0.637,0.522,1
791,0.569,0.009,0.566,0.48,0.219,0.214,0.622,0.568,1
792,0.555,0.009,0.549,0.375,0.394,0.344,0.576,0.589,1
793,0.55,0.007,0.532,0.254,0.427,0.446,0.561,0.618,2
794,0.343,0.01,0.36,0.323,0.774,0.573,0.377,0.409,1
795,0.311,0.012,0.343,0.46,0.28,0.297,0.362,0.342,1
796,0.452,0.01,0.463,0.476,0.441,0.467,0.591,0.455,1
797,0.547,0.008,0.549,0.319,0.28,0.236,0.561,0.613,1
798,0.49,0.01,0.532,0.121,0.351,0.278,0.5,0.604,2
799,0.476,0.011,0.498,0.194,0.305,0.236,0.622,0.563,1
800,0.62,0.008,0.583,0.375,0.133,0.13,0.698,0.613,1
801,0.666,0.006,0.652,0.387,0.416,0.594,0.668,0.63,1
802,0.537,0.009,0.498,0.395,0.326,0.467,0.606,0.539,1
803,0.525,0.009,0.515,0.427,0.351,0.318,0.591,0.53,1
804,0.555,0.007,0.618,0.335,0.366,0.318,0.5,0.58,2
805,0.522,0.008,0.532,0.423,0.502,0.427,0.53,0.552,1
806,0.589,0.009,0.515,0.48,0.244,0.318,0.729,0.514,1
807,0.692,0.006,0.618,0.468,0.333,0.344,0.744,0.584,1
808,0.626,0.004,0.635,0.44,0.509,0.533,0.698,0.623,1
809,0.539,0.007,0.532,0.391,0.405,0.446,0.545,0.568,1
810,0.569,0.009,0.532,0.411,0.312,0.344,0.606,0.547,2
811,0.614,0.009,0.549,0.48,0.362,0.363,0.698,0.512,1
812,0.678,0.008,0.635,0.452,0.466,0.446,0.698,0.564,1
813,0.642,0.009,0.721,0.347,0.287,0.363,0.622,0.648,2
814,0.576,0.009,0.618,0.21,0.179,0.17,0.576,0.685,2
815,0.625,0.006,0.686,0.202,0.219,0.236,0.576,0.757,2
816,0.668,0.003,0.738,0.177,0.319,0.236,0.606,0.799,2
817,0.469,0.005,0.498,0.355,0.81,0.66,0.606,0.514,1
818,0.428,0.01,0.412,0.399,0.344,0.363,0.469,0.421,1
819,0.408,0.011,0.446,0.48,0.444,0.318,0.454,0.43,1
820,0.381,0.012,0.429,0.46,0.283,0.195,0.377,0.405,1
821,0.413,0.01,0.498,0.121,0.323,0.214,0.362,0.537,1
822,0.416,0.009,0.498,0.109,0.477,0.406,0.362,0.539,1
823,0.404,0.009,0.463,0.185,0.57,0.363,0.393,0.486,1
824,0.428,0.009,0.446,0.46,0.308,0.257,0.439,0.472,1
825,0.504,0.009,0.48,0.319,0.312,0.278,0.591,0.538,1
826,0.596,0.008,0.583,0.323,0.29,0.318,0.591,0.627,2
827,0.535,0.01,0.515,0.335,0.33,0.344,0.53,0.559,2
828,0.54,0.01,0.48,0.44,0.179,0.257,0.591,0.482,1
829,0.661,0.007,0.635,0.407,0.251,0.236,0.744,0.645,1
830,0.719,0.006,0.669,0.383,0.272,0.297,0.713,0.676,2
831,0.631,0.006,0.686,0.347,0.262,0.214,0.622,0.691,2
832,0.566,0.006,0.601,0.194,0.108,0.108,0.53,0.701,2
833,0.597,0.006,0.669,0.202,0.151,0.17,0.53,0.735,2
834,0.587,0.007,0.601,0.258,0.211,0.318,0.576,0.674,2
835,0.593,0.008,0.566,0.452,0.233,0.257,0.576,0.578,1
836,0.611,0.01,0.566,0.415,0.147,0.13,0.622,0.574,1
837,0.64,0.01,0.686,0.391,0.111,0.108,0.606,0.591,2
838,0.662,0.008,0.669,0.339,0.179,0.13,0.652,0.633,1
839,0.683,0.006,0.635,0.278,0.165,0.214,0.713,0.635,1
840,0.736,0.006,0.721,0.306,0.258,0.297,0.713,0.679,1
841,0.606,0.005,0.566,0.286,0.548,0.512,0.698,0.661,2
842,0.56,0.007,0.515,0.435,0.269,0.236,0.576,0.59,2
843,0.603,0.005,0.669,0.262,0.323,0.318,0.561,0.7,2
844,0.606,0.009,0.601,0.403,0.477,0.406,0.606,0.611,2
845,0.657,0.009,0.601,0.48,0.219,0.278,0.729,0.623,1
846,0.759,0.008,0.755,0.48,0.459,0.427,0.713,0.667,2
847,0.696,0.009,0.704,0.411,0.24,0.297,0.713,0.622,2
848,0.735,0.007,0.755,0.359,0.405,0.384,0.759,0.766,2
849,0.7,0.008,0.704,0.431,0.43,0.493,0.713,0.674,1
850,0.638,0.01,0.618,0.46,0.448,0.512,0.652,0.587,1
851,0.692,0.01,0.635,0.46,0.197,0.257,0.729,0.594,1
852,0.721,0.008,0.789,0.319,0.423,0.406,0.713,0.643,1
853,0.601,0.008,0.583,0.294,0.337,0.384,0.591,0.577,2
854,0.578,0.007,0.515,0.48,0.276,0.384,0.637,0.543,1
855,0.673,0.007,0.669,0.427,0.545,0.493,0.683,0.597,1
856,0.613,0.008,0.618,0.423,0.301,0.257,0.606,0.525,1
857,0.701,0.008,0.618,0.419,0.28,0.493,0.82,0.601,2
858,0.798,0.006,0.721,0.435,0.125,0.149,0.79,0.759,2
859,0.859,0.005,0.841,0.48,0.341,0.257,0.835,0.78,1
860,0.686,0.008,0.669,0.448,0.437,0.363,0.774,0.638,1
861,0.65,0.009,0.635,0.452,0.215,0.17,0.652,0.581,1
862,0.709,0.01,0.669,0.452,0.222,0.257,0.713,0.611,1
863,0.725,0.009,0.704,0.456,0.38,0.363,0.713,0.667,1
864,0.75,0.008,0.772,0.403,0.38,0.297,0.729,0.71,2
865,0.749,0.006,0.806,0.254,0.305,0.257,0.698,0.835,2
866,0.699,0.006,0.755,0.153,0.244,0.278,0.652,0.81,2
867,0.649,0.007,0.704,0.23,0.301,0.257,0.591,0.773,2
868,0.591,0.009,0.669,0.27,0.269,0.257,0.515,0.703,2
869,0.608,0.009,0.686,0.206,0.194,0.17,0.545,0.728,2
870,0.672,0.008,0.704,0.31,0.244,0.214,0.668,0.718,1
871,0.699,0.008,0.686,0.343,0.151,0.195,0.683,0.757,1
872,0.745,0.009,0.704,0.375,0.147,0.108,0.744,0.729,1
873,0.78,0.008,0.721,0.379,0.09,0.13,0.774,0.724,1
874,0.794,0.007,0.789,0.448,0.176,0.149,0.759,0.704,1
875,0.788,0.008,0.789,0.407,0.147,0.13,0.759,0.779,1
876,0.792,0.008,0.806,0.351,0.154,0.108,0.744,0.815,1
877,0.803,0.007,0.772,0.367,0.143,0.17,0.805,0.796,1
878,0.832,0.006,0.806,0.48,0.262,0.236,0.79,0.774,1
879,0.801,0.007,0.755,0.44,0.172,0.195,0.774,0.752,1
880,0.774,0.008,0.772,0.415,0.272,0.257,0.759,0.759,1
881,0.754,0.009,0.738,0.375,0.276,0.236,0.713,0.735,1
882,0.787,0.009,0.824,0.367,0.19,0.214,0.744,0.771,1
883,0.782,0.008,0.772,0.31,0.201,0.195,0.744,0.799,2
884,0.798,0.006,0.789,0.343,0.233,0.278,0.759,0.846,2
885,0.815,0.006,0.824,0.278,0.211,0.195,0.759,0.847,2
886,0.819,0.007,0.772,0.31,0.172,0.13,0.82,0.813,1
887,0.852,0.006,0.841,0.31,0.297,0.318,0.805,0.858,2
888,0.826,0.005,0.806,0.343,0.222,0.236,0.805,0.813,2
889,0.843,0.006,0.824,0.395,0.154,0.17,0.835,0.759,1
890,0.836,0.007,0.806,0.399,0.158,0.384,0.835,0.827,2
891,0.911,0.006,0.909,0.444,0.258,0.214,0.912,0.864,1
892,0.943,0.005,0.978,0.444,0.262,0.236,0.866,0.911,1
893,0.865,0.006,0.841,0.407,0.272,0.493,0.851,0.914,2
894,0.896,0.007,0.927,0.395,0.219,0.214,0.881,0.917,1
895,0.873,0.008,0.892,0.383,0.323,0.236,0.82,0.864,2
896,0.826,0.007,0.824,0.399,0.355,0.446,0.835,0.897,2
897,0.837,0.008,0.806,0.411,0.254,0.363,0.82,0.888,2
898,0.831,0.009,0.841,0.48,0.194,0.214,0.79,0.796,1
899,0.843,0.008,0.858,0.48,0.254,0.278,0.805,0.877,1
900,0.897,0.007,0.909,0.399,0.297,0.195,0.866,0.931,1
901,0.881,0.007,0.892,0.387,0.294,0.427,0.851,0.927,2
902,0.814,0.007,0.841,0.363,0.165,0.195,0.805,0.892,1
903,0.882,0.006,0.875,0.391,0.33,0.384,0.881,0.936,2
904,0.839,0.006,0.841,0.44,0.412,0.384,0.881,0.81,1
905,0.759,0.008,0.772,0.435,0.323,0.257,0.744,0.782,2
906,0.73,0.009,0.738,0.48,0.333,0.297,0.698,0.752,1
907,0.744,0.009,0.738,0.391,0.161,0.13,0.774,0.79,2
908,0.8,0.008,0.806,0.444,0.168,0.13,0.759,0.823,1
909,0.801,0.008,0.789,0.423,0.333,0.344,0.79,0.809,1
910,0.872,0.007,0.875,0.335,0.226,0.467,0.835,0.902,2
911,0.847,0.008,0.824,0.371,0.208,0.17,0.835,0.882,1
912,0.819,0.008,0.841,0.282,0.326,0.257,0.774,0.9,2
913,0.849,0.008,0.858,0.29,0.33,0.278,0.82,0.94,2
914,0.885,0.007,0.909,0.343,0.405,0.297,0.851,0.945,1
915,0.918,0.007,0.944,0.419,0.262,0.257,0.881,0.977,1
916,0.881,0.008,0.841,0.419,0.283,0.278,0.866,0.875,1
917,0.884,0.008,0.875,0.452,0.154,0.149,0.851,0.902,1
918,0.91,0.008,0.909,0.444,0.251,0.195,0.881,0.941,1
919,0.916,0.007,0.909,0.387,0.226,0.17,0.866,0.957,1
920,0.897,0.007,0.875,0.403,0.215,0.149,0.866,0.934,1
921,0.907,0.007,0.909,0.306,0.172,0.149,0.866,0.938,1
922,0.891,0.008,0.927,0.274,0.176,0.149,0.835,0.953,2
923,0.864,0.008,0.892,0.323,0.168,0.17,0.805,0.949,2
924,0.875,0.008,0.892,0.286,0.143,0.108,0.82,0.943,1
925,0.873,0.008,0.858,0.387,0.28,0.278,0.82,0.929,2
926,0.913,0.007,0.927,0.383,0.24,0.214,0.866,0.985,1
927,0.952,0.007,0.944,0.367,0.272,0.17,0.912,0.968,1
928,0.951,0.007,0.944,0.391,0.208,0.17,0.897,0.964,1
929,0.904,0.007,0.944,0.415,0.183,0.195,0.881,0.96,2
930,0.849,0.008,0.909,0.266,0.168,0.17,0.774,0.961,2
931,0.821,0.01,0.824,0.375,0.265,0.17,0.759,0.849,1
932,0.798,0.01,0.841,0.399,0.222,0.149,0.744,0.803,1
933,0.793,0.01,0.806,0.472,0.272,0.236,0.759,0.803,1
934,0.808,0.009,0.824,0.431,0.211,0.17,0.79,0.85,2
935,0.872,0.008,0.875,0.258,0.161,0.13,0.82,0.944,1
936,0.908,0.008,0.927,0.274,0.161,0.13,0.881,0.966,1
937,0.894,0.009,0.909,0.435,0.179,0.195,0.866,0.92,1
938,0.812,0.01,0.824,0.48,0.226,0.13,0.79,0.81,1
939,0.781,0.009,0.772,0.472,0.129,0.108,0.759,0.783,1
940,0.801,0.009,0.806,0.427,0.186,0.149,0.774,0.84,1
941,0.81,0.008,0.806,0.399,0.247,0.214,0.79,0.827,1
942,0.802,0.007,0.789,0.335,0.276,0.236,0.774,0.849,1
943,0.792,0.008,0.858,0.331,0.294,0.214,0.744,0.848,2
944,0.689,0.009,0.755,0.27,0.251,0.214,0.652,0.793,2
945,0.743,0.008,0.806,0.185,0.201,0.149,0.683,0.857,2
946,0.78,0.009,0.806,0.339,0.122,0.108,0.744,0.845,1
947,0.802,0.007,0.841,0.371,0.28,0.236,0.759,0.874,1
948,0.842,0.004,0.824,0.395,0.19,0.214,0.851,0.889,1
949,0.864,0.005,0.875,0.387,0.229,0.195,0.82,0.936,1
950,0.801,0.008,0.841,0.395,0.308,0.236,0.79,0.848,2
951,0.741,0.009,0.755,0.423,0.154,0.17,0.713,0.807,2
952,0.773,0.008,0.824,0.27,0.179,0.13,0.744,0.881,2
953,0.812,0.008,0.841,0.395,0.244,0.257,0.774,0.863,2
954,0.784,0.009,0.755,0.431,0.125,0.149,0.759,0.803,1
955,0.807,0.009,0.789,0.427,0.115,0.087,0.774,0.841,1
956,0.816,0.009,0.789,0.415,0.19,0.195,0.805,0.866,1
957,0.867,0.008,0.875,0.444,0.208,0.214,0.881,0.924,2
958,0.9,0.007,0.892,0.387,0.179,0.195,0.881,0.959,1
959,0.888,0.008,0.892,0.383,0.147,0.13,0.835,0.924,1
960,0.871,0.008,0.892,0.319,0.161,0.149,0.82,0.95,2
961,0.866,0.007,0.909,0.298,0.176,0.149,0.82,0.934,2
962,0.884,0.007,0.892,0.302,0.301,0.236,0.82,0.924,1
963,0.878,0.007,0.892,0.339,0.211,0.257,0.835,0.934,2
964,0.878,0.007,0.875,0.363,0.183,0.13,0.82,0.92,1
965,0.876,0.008,0.892,0.315,0.226,0.195,0.82,0.94,2
966,0.821,0.009,0.858,0.347,0.254,0.703,0.759,0.931,2
967,0.756,0.011,0.772,0.419,0.294,0.214,0.698,0.798,1
968,0.72,0.01,0.721,0.48,0.237,0.214,0.698,0.764,1
969,0.764,0.008,0.755,0.448,0.247,0.149,0.805,0.812,1
970,0.84,0.008,0.841,0.371,0.143,0.108,0.82,0.906,1
971,0.853,0.007,0.892,0.306,0.186,0.149,0.79,0.929,1
972,0.836,0.007,0.858,0.274,0.161,0.17,0.79,0.92,1
973,0.797,0.008,0.806,0.403,0.323,0.278,0.759,0.788,2
974,0.72,0.008,0.704,0.44,0.186,0.17,0.683,0.744,1
975,0.728,0.008,0.721,0.444,0.151,0.195,0.729,0.757,1
976,0.757,0.007,0.755,0.431,0.301,0.297,0.759,0.774,1
977,0.786,0.008,0.806,0.286,0.186,0.149,0.759,0.866,2
978,0.792,0.008,0.841,0.149,0.176,0.13,0.759,0.9,1
979,0.812,0.008,0.824,0.27,0.244,0.236,0.805,0.895,1
980,0.85,0.006,0.892,0.298,0.333,0.297,0.805,0.915,2
981,0.789,0.007,0.755,0.327,0.154,0.17,0.774,0.801,1
982,0.834,0.006,0.841,0.335,0.276,0.236,0.851,0.876,1
983,0.833,0.006,0.858,0.31,0.326,0.363,0.805,0.876,1
984,0.661,0.01,0.686,0.391,0.427,0.318,0.652,0.669,1
985,0.645,0.011,0.652,0.435,0.122,0.13,0.622,0.67,2
986,0.649,0.009,0.721,0.254,0.226,0.149,0.591,0.772,2
987,0.678,0.009,0.738,0.173,0.262,0.214,0.606,0.807,2
988,0.699,0.009,0.721,0.282,0.172,0.108,0.668,0.776,1
989,0.729,0.008,0.686,0.335,0.143,0.149,0.774,0.769,1
990,0.755,0.007,0.738,0.444,0.133,0.214,0.774,0.804,1
991,0.778,0.006,0.806,0.464,0.287,0.214,0.744,0.833,1
992,0.752,0.007,0.721,0.456,0.333,0.344,0.729,0.703,2
993,0.738,0.006,0.704,0.444,0.312,0.406,0.774,0.652,1
994,0.735,0.008,0.704,0.431,0.161,0.13,0.744,0.68,1
995,0.75,0.008,0.704,0.452,0.133,0.17,0.805,0.733,1
996,0.795,0.007,0.755,0.411,0.208,0.214,0.835,0.784,1
997,0.872,0.005,0.858,0.387,0.358,0.363,0.851,0.829,1
998,0.787,0.006,0.738,0.444,0.244,0.297,0.79,0.72,1
999,0.825,0.007,0.841,0.387,0.215,0.17,0.805,0.812,1
1000,0.842,0.007,0.841,0.371,0.265,0.257,0.851,0.867,1
1001,0.83,0.007,0.858,0.387,0.358,0.363,0.774,0.864,1
1002,0.797,0.006,0.841,0.306,0.505,0.363,0.713,0.877,2
1003,0.671,0.008,0.635,0.371,0.276,0.297,0.668,0.681,2
1004,0.686,0.009,0.686,0.452,0.24,0.318,0.744,0.732,2
1005,0.808,0.008,0.841,0.31,0.455,0.446,0.759,0.872,1
1006,0.771,0.004,0.806,0.226,0.581,0.533,0.729,0.867,2
1007,0.6,0.006,0.635,0.371,0.538,0.573,0.591,0.624,2
1008,0.562,0.01,0.532,0.48,0.183,0.195,0.622,0.565,1
1009,0.633,0.01,0.652,0.472,0.129,0.236,0.637,0.673,2
1010,0.629,0.011,0.635,0.367,0.168,0.17,0.606,0.673,1
1011,0.619,0.01,0.618,0.391,0.151,0.17,0.622,0.674,1
1012,0.625,0.008,0.618,0.427,0.287,0.318,0.652,0.668,1
1013,0.637,0.008,0.686,0.379,0.369,0.344,0.591,0.685,1
1014,0.537,0.011,0.549,0.44,0.129,0.149,0.53,0.598,1
1015,0.539,0.011,0.549,0.44,0.208,0.17,0.5,0.543,1
1016,0.501,0.01,0.549,0.411,0.24,0.297,0.484,0.53,2
1017,0.57,0.007,0.601,0.335,0.254,0.214,0.561,0.652,2
1018,0.611,0.006,0.669,0.048,0.215,0.214,0.53,0.75,2
1019,0.526,0.008,0.583,0.109,0.455,0.427,0.484,0.664,2
1020,0.44,0.008,0.498,0.093,0.602,0.427,0.408,0.561,2
1021,0.345,0.009,0.36,0.298,0.251,0.214,0.362,0.467,1
1022,0.446,0.008,0.48,0.335,0.186,0.13,0.454,0.556,1
1023,0.478,0.008,0.463,0.173,0.125,0.13,0.53,0.606,1
1024,0.594,0.006,0.635,0.246,0.211,0.195,0.606,0.717,1
1025,0.583,0.005,0.601,0.323,0.168,0.278,0.591,0.69,2
1026,0.577,0.005,0.601,0.419,0.376,0.554,0.576,0.675,2
1027,0.521,0.006,0.549,0.371,0.652,0.616,0.484,0.601,2
1028,0.441,0.007,0.498,0.274,0.656,0.594,0.393,0.543,2
1029,0.436,0.008,0.446,0.363,0.226,0.236,0.469,0.552,2
1030,0.485,0.009,0.566,0.278,0.301,0.297,0.439,0.621,2
1031,0.478,0.011,0.549,0.222,0.319,0.236,0.439,0.602,1
1032,0.493,0.01,0.549,0.25,0.208,0.257,0.439,0.628,1
1033,0.472,0.009,0.515,0.27,0.215,0.149,0.454,0.612,1
1034,0.493,0.009,0.566,0.165,0.287,0.318,0.439,0.632,2
1035,0.412,0.01,0.446,0.411,0.341,0.363,0.377,0.497,1
1036,0.38,0.01,0.412,0.431,0.118,0.13,0.393,0.476,1
1037,0.38,0.009,0.429,0.242,0.161,0.13,0.377,0.504,1
1038,0.451,0.006,0.515,0.266,0.326,0.236,0.408,0.578,2
1039,0.387,0.007,0.395,0.363,0.326,0.384,0.393,0.475,2
1040,0.382,0.009,0.429,0.278,0.495,0.427,0.332,0.491,1
1041,0.332,0.011,0.343,0.431,0.28,0.297,0.393,0.415,1
1042,0.413,0.01,0.412,0.431,0.24,0.214,0.484,0.485,1
1043,0.454,0.008,0.429,0.383,0.097,0.087,0.53,0.508,1
1044,0.447,0.009,0.429,0.31,0.168,0.13,0.53,0.537,1
1045,0.536,0.007,0.566,0.375,0.204,0.214,0.53,0.592,1
1046,0.393,0.008,0.429,0.085,0.254,0.195,0.423,0.529,1
1047,0.431,0.008,0.48,0.157,0.326,0.297,0.393,0.54,1
1048,0.428,0.009,0.446,0.27,0.125,0.13,0.469,0.547,1
1049,0.466,0.009,0.48,0.319,0.287,0.257,0.515,0.583,1
1050,0.551,0.007,0.532,0.339,0.172,0.17,0.622,0.63,1
1051,0.543,0.008,0.566,0.391,0.283,0.297,0.545,0.589,1
1052,0.565,0.006,0.583,0.399,0.344,0.344,0.622,0.578,1
1053,0.548,0.006,0.566,0.359,0.219,0.195,0.515,0.662,1
1054,0.524,0.007,0.566,0.21,0.358,0.257,0.484,0.645,2
1055,0.486,0.007,0.532,0.282,0.441,0.297,0.454,0.603,2
1056,0.438,0.009,0.515,0.339,0.254,0.195,0.408,0.57,1
1057,0.467,0.008,0.549,0.29,0.208,0.149,0.423,0.604,2
1058,0.427,0.008,0.48,0.137,0.351,0.344,0.408,0.565,2
1059,0.359,0.007,0.412,0.294,0.38,0.554,0.347,0.492,1
1060,0.321,0.009,0.395,0.319,0.516,0.384,0.286,0.44,1
1061,0.352,0.01,0.429,0.399,0.348,0.297,0.332,0.489,1
1062,0.311,0.009,0.36,0.27,0.176,0.214,0.301,0.449,1
1063,0.395,0.007,0.463,0.109,0.287,0.195,0.347,0.534,1
1064,0.411,0.006,0.48,0.117,0.244,0.17,0.362,0.55,2
1065,0.393,0.008,0.48,0.19,0.452,0.318,0.347,0.529,1
1066,0.371,0.01,0.429,0.278,0.43,0.318,0.332,0.504,1
1067,0.331,0.011,0.343,0.286,0.233,0.195,0.332,0.462,1
1068,0.387,0.009,0.395,0.375,0.201,0.214,0.439,0.497,1
1069,0.397,0.009,0.412,0.355,0.104,0.108,0.408,0.529,1
1070,0.421,0.008,0.446,0.399,0.204,0.149,0.454,0.546,1
1071,0.483,0.008,0.515,0.415,0.204,0.149,0.469,0.589,1
1072,0.433,0.008,0.463,0.383,0.179,0.214,0.454,0.563,1
1073,0.474,0.007,0.498,0.327,0.093,0.087,0.469,0.569,1
1074,0.47,0.008,0.498,0.343,0.222,0.318,0.469,0.563,1
1075,0.447,0.01,0.498,0.411,0.305,0.278,0.423,0.498,1
1076,0.367,0.009,0.412,0.343,0.251,0.214,0.347,0.464,2
1077,0.422,0.008,0.515,0.133,0.219,0.17,0.362,0.533,2
1078,0.417,0.009,0.498,0.109,0.154,0.13,0.362,0.534,1
1079,0.418,0.007,0.498,0.109,0.294,0.257,0.362,0.54,1
1080,0.412,0.007,0.498,0.21,0.33,0.257,0.362,0.516,1
1081,0.399,0.008,0.429,0.363,0.258,0.236,0.393,0.484,1
1082,0.369,0.008,0.378,0.395,0.233,0.214,0.377,0.475,1
1083,0.441,0.006,0.515,0.371,0.409,0.406,0.393,0.513,1
1084,0.399,0.006,0.429,0.331,0.294,0.344,0.393,0.482,1
1085,0.435,0.007,0.48,0.347,0.473,0.66,0.423,0.506,2
1086,0.402,0.01,0.446,0.387,0.269,0.257,0.393,0.476,1
1087,0.502,0.007,0.515,0.435,0.315,0.236,0.5,0.561,1
1088,0.533,0.007,0.515,0.383,0.229,0.236,0.576,0.623,1
1089,0.464,0.007,0.429,0.298,0.337,0.384,0.5,0.568,1
1090,0.308,0.009,0.378,0.254,0.276,0.257,0.286,0.409,2
1091,0.373,0.008,0.446,0.161,0.115,0.108,0.347,0.491,2
1092,0.421,0.009,0.498,0.149,0.254,0.297,0.362,0.531,2
1093,0.399,0.009,0.48,0.246,0.362,0.257,0.347,0.506,2
1094,0.394,0.007,0.463,0.206,0.355,0.278,0.347,0.5,1
1095,0.317,0.007,0.326,0.198,0.437,0.446,0.316,0.414,1
1096,0.209,0.01,0.24,0.399,0.197,0.195,0.225,0.279,1
1097,0.258,0.01,0.292,0.395,0.168,0.17,0.271,0.347,1
1098,0.285,0.009,0.309,0.25,0.326,0.318,0.271,0.386,2
1099,0.173,0.011,0.223,0.407,0.226,0.195,0.209,0.239,1
1100,0.298,0.009,0.343,0.25,0.237,0.214,0.286,0.404,2
1101,0.353,0.008,0.429,0.202,0.237,0.257,0.316,0.465,1
1102,0.392,0.007,0.463,0.125,0.323,0.318,0.377,0.511,2
1103,0.327,0.008,0.309,0.25,0.197,0.214,0.377,0.441,1
1104,0.272,0.009,0.326,0.278,0.183,0.195,0.286,0.362,1
1105,0.303,0.009,0.343,0.25,0.168,0.17,0.301,0.409,1
1106,0.37,0.007,0.429,0.198,0.412,0.278,0.332,0.474,2
1107,0.362,0.008,0.446,0.145,0.394,0.278,0.332,0.474,1
1108,0.347,0.009,0.429,0.165,0.272,0.149,0.286,0.455,1
1109,0.359,0.008,0.412,0.222,0.258,0.384,0.362,0.47,1
1110,0.335,0.009,0.395,0.254,0.362,0.363,0.316,0.43,1
1111,0.38,0.007,0.412,0.27,0.201,0.195,0.423,0.476,1
1112,0.384,0.008,0.395,0.177,0.082,0.068,0.408,0.498,1
1113,0.384,0.008,0.412,0.129,0.104,0.087,0.439,0.499,1
1114,0.464,0.007,0.498,0.335,0.168,0.278,0.5,0.554,1
1115,0.484,0.008,0.498,0.31,0.258,0.236,0.454,0.574,1
1116,0.474,0.008,0.498,0.319,0.186,0.17,0.515,0.572,1
1117,0.505,0.007,0.532,0.367,0.233,0.149,0.5,0.591,2
1118,0.449,0.007,0.498,0.105,0.29,0.278,0.439,0.571,2
1119,0.401,0.008,0.48,0.173,0.211,0.236,0.347,0.515,1
1120,0.362,0.01,0.378,0.246,0.258,0.195,0.347,0.462,1
1121,0.307,0.01,0.326,0.222,0.194,0.149,0.316,0.418,1
1122,0.382,0.009,0.429,0.185,0.226,0.149,0.347,0.479,1
1123,0.402,0.009,0.446,0.278,0.183,0.108,0.423,0.451,1
1124,0.423,0.009,0.429,0.31,0.086,0.087,0.454,0.466,1
1125,0.44,0.008,0.429,0.327,0.133,0.17,0.5,0.499,1
1126,0.485,0.007,0.532,0.319,0.197,0.13,0.484,0.533,1
1127,0.487,0.007,0.532,0.149,0.269,0.278,0.454,0.594,2
1128,0.44,0.007,0.515,0.327,0.495,0.344,0.377,0.534,2
1129,0.439,0.009,0.463,0.363,0.194,0.17,0.484,0.518,1
1130,0.457,0.008,0.48,0.294,0.219,0.297,0.484,0.552,1
1131,0.433,0.009,0.498,0.149,0.337,0.257,0.439,0.543,1
1132,0.554,0.007,0.601,0.294,0.358,0.318,0.53,0.627,1
1133,0.534,0.006,0.583,0.266,0.305,0.236,0.5,0.616,2
1134,0.474,0.005,0.532,0.137,0.38,0.278,0.439,0.584,2
1135,0.482,0.006,0.566,0.153,0.369,0.236,0.423,0.592,2
1136,0.483,0.007,0.566,0.27,0.287,0.195,0.423,0.584,2
1137,0.479,0.008,0.549,0.23,0.254,0.17,0.423,0.586,2
1138,0.51,0.008,0.549,0.286,0.211,0.195,0.53,0.583,1
1139,0.573,0.007,0.583,0.266,0.326,0.214,0.576,0.652,2
1140,0.59,0.007,0.635,0.31,0.194,0.17,0.561,0.658,2
1141,0.538,0.008,0.498,0.31,0.183,0.297,0.561,0.592,1
1142,0.635,0.005,0.686,0.306,0.581,0.493,0.622,0.653,2
1143,0.552,0.004,0.549,0.319,0.319,0.318,0.591,0.565,1
1144,0.443,0.005,0.498,0.222,0.405,0.344,0.454,0.512,1
1145,0.393,0.006,0.463,0.238,0.437,0.446,0.347,0.478,1
1146,0.377,0.007,0.446,0.218,0.52,0.384,0.332,0.467,1
1147,0.398,0.008,0.463,0.234,0.398,0.363,0.377,0.5,1
1148,0.411,0.008,0.48,0.294,0.513,0.363,0.362,0.493,1
1149,0.38,0.008,0.446,0.347,0.337,0.214,0.362,0.445,1
1150,0.405,0.009,0.463,0.226,0.172,0.17,0.362,0.488,1
1151,0.394,0.009,0.412,0.266,0.168,0.257,0.377,0.468,1
1152,0.413,0.008,0.498,0.226,0.452,0.344,0.362,0.5,2
1153,0.401,0.007,0.463,0.024,0.753,0.533,0.347,0.519,1
1154,0.273,0.01,0.309,0.274,0.792,0.554,0.301,0.342,1
1155,0.204,0.013,0.223,0.278,0.326,0.384,0.225,0.275,1
1156,0.202,0.014,0.206,0.214,0.391,0.363,0.225,0.284,1
1157,0.118,0.013,0.069,0.246,0.269,0.297,0.24,0.223,1
1158,0.357,0.009,0.343,0.278,0.197,0.195,0.484,0.443,1
1159,0.361,0.011,0.36,0.371,0.384,0.344,0.454,0.399,1
1160,0.353,0.011,0.412,0.351,0.229,0.149,0.332,0.42,1
1161,0.411,0.01,0.48,0.262,0.29,0.195,0.377,0.503,2
1162,0.442,0.008,0.532,0.173,0.33,0.214,0.377,0.554,2
1163,0.441,0.007,0.532,0.19,0.33,0.236,0.377,0.558,2
1164,0.44,0.008,0.532,0.27,0.434,0.344,0.377,0.535,1
1165,0.458,0.009,0.48,0.29,0.477,0.344,0.454,0.501,1
1166,0.464,0.009,0.446,0.319,0.143,0.17,0.484,0.508,1
1167,0.483,0.009,0.48,0.319,0.133,0.149,0.484,0.544,1
1168,0.465,0.009,0.515,0.266,0.247,0.278,0.469,0.54,2
1169,0.462,0.009,0.498,0.278,0.287,0.344,0.484,0.537,2
1170,0.583,0.007,0.601,0.254,0.326,0.257,0.606,0.667,2
1171,0.708,0.005,0.686,0.286,0.265,0.297,0.744,0.777,1
1172,0.725,0.004,0.772,0.298,0.419,0.344,0.652,0.794,2
1173,0.633,0.005,0.704,0.294,0.269,0.236,0.591,0.734,2
1174,0.726,0.005,0.738,0.298,0.416,0.406,0.744,0.772,1
1175,0.627,0.004,0.635,0.234,0.38,0.297,0.729,0.702,2
1176,0.53,0.004,0.601,0.278,0.348,0.297,0.469,0.636,2
1177,0.5,0.004,0.532,0.306,0.606,0.594,0.515,0.555,2
1178,0.523,0.008,0.48,0.323,0.183,0.344,0.561,0.545,1
1179,0.534,0.008,0.601,0.266,0.344,0.257,0.53,0.602,2
1180,0.539,0.009,0.532,0.282,0.197,0.236,0.561,0.595,1
1181,0.556,0.008,0.549,0.282,0.344,0.363,0.561,0.61,1
1182,0.626,0.006,0.652,0.278,0.247,0.363,0.637,0.696,2
1183,0.646,0.004,0.704,0.21,0.341,0.318,0.591,0.752,2
1184,0.561,0.005,0.601,0.206,0.459,0.384,0.53,0.679,2
1185,0.567,0.007,0.618,0.278,0.534,0.406,0.576,0.614,2
1186,0.589,0.009,0.566,0.278,0.201,0.149,0.622,0.587,1
1187,0.687,0.008,0.652,0.298,0.33,0.427,0.744,0.663,1
1188,0.744,0.005,0.772,0.399,0.616,0.533,0.713,0.689,1
1189,0.726,0.004,0.738,0.298,0.448,0.406,0.698,0.721,2
1190,0.678,0.006,0.652,0.278,0.251,0.297,0.668,0.664,2
1191,0.606,0.005,0.618,0.21,0.52,0.406,0.622,0.684,2
1192,0.545,0.007,0.583,0.274,0.541,0.363,0.545,0.586,2
1193,0.571,0.009,0.532,0.347,0.204,0.214,0.591,0.523,1
1194,0.607,0.009,0.583,0.339,0.19,0.195,0.622,0.545,1
1195,0.655,0.008,0.669,0.278,0.194,0.257,0.668,0.602,2
1196,0.58,0.008,0.583,0.278,0.384,0.363,0.576,0.641,2
1197,0.605,0.009,0.601,0.278,0.312,0.318,0.606,0.617,2
1198,0.642,0.009,0.601,0.282,0.197,0.236,0.652,0.581,1
1199,0.689,0.009,0.618,0.278,0.118,0.13,0.713,0.597,1
1200,0.731,0.007,0.686,0.278,0.272,0.344,0.729,0.63,1
1201,0.788,0.004,0.806,0.298,0.509,0.493,0.79,0.71,2
1202,0.665,0.006,0.721,0.278,0.57,0.493,0.637,0.706,2
1203,0.607,0.009,0.635,0.246,0.47,0.384,0.561,0.606,2
1204,0.584,0.009,0.618,0.286,0.38,0.297,0.561,0.585,2
1205,0.574,0.009,0.652,0.141,0.219,0.17,0.515,0.681,2
1206,0.626,0.007,0.686,0.089,0.108,0.108,0.606,0.732,2
1207,0.687,0.006,0.669,0.19,0.165,0.236,0.729,0.709,1
1208,0.645,0.006,0.652,0.323,0.416,0.363,0.698,0.657,2
1209,0.695,0.007,0.704,0.339,0.283,0.195,0.713,0.688,2
1210,0.743,0.006,0.704,0.359,0.154,0.236,0.759,0.694,1
1211,0.748,0.006,0.755,0.282,0.222,0.384,0.744,0.712,2
1212,0.726,0.006,0.755,0.274,0.14,0.236,0.698,0.748,2
1213,0.698,0.006,0.721,0.27,0.28,0.278,0.668,0.737,1
1214,0.687,0.007,0.652,0.323,0.283,0.257,0.698,0.631,1
1215,0.717,0.007,0.738,0.23,0.215,0.195,0.683,0.748,2
1216,0.726,0.008,0.721,0.206,0.147,0.108,0.729,0.8,2
1217,0.77,0.006,0.755,0.278,0.312,0.344,0.759,0.764,2
1218,0.748,0.005,0.755,0.319,0.308,0.278,0.729,0.78,2
1219,0.769,0.007,0.755,0.319,0.308,0.344,0.774,0.77,1
1220,0.827,0.006,0.841,0.238,0.398,0.344,0.759,0.888,1
1221,0.804,0.005,0.806,0.169,0.366,0.344,0.759,0.888,2
1222,0.762,0.008,0.755,0.278,0.165,0.214,0.774,0.77,1
1223,0.806,0.008,0.789,0.278,0.312,0.406,0.774,0.797,2
1224,0.857,0.007,0.858,0.25,0.326,0.344,0.82,0.881,1
1225,0.892,0.007,0.909,0.278,0.179,0.17,0.835,0.89,2
1226,0.817,0.008,0.789,0.27,0.194,0.493,0.82,0.854,2
1227,0.779,0.007,0.824,0.25,0.315,0.257,0.729,0.852,2
1228,0.736,0.006,0.772,0.25,0.29,0.344,0.668,0.825,2
1229,0.695,0.006,0.755,0.097,0.219,0.149,0.622,0.809,2
1230,0.719,0.007,0.738,0.19,0.186,0.195,0.713,0.799,2
1231,0.719,0.008,0.755,0.27,0.215,0.195,0.683,0.795,2
1232,0.726,0.008,0.755,0.242,0.158,0.108,0.713,0.787,1
1233,0.789,0.007,0.772,0.242,0.204,0.297,0.805,0.829,2
1234,0.882,0.007,0.875,0.278,0.254,0.214,0.851,0.888,1
1235,0.837,0.007,0.824,0.266,0.237,0.406,0.835,0.87,2
1236,0.849,0.006,0.858,0.278,0.262,0.278,0.82,0.909,1
1237,0.847,0.006,0.858,0.278,0.312,0.318,0.82,0.867,1
1238,0.768,0.007,0.738,0.278,0.254,0.278,0.805,0.729,2
1239,0.816,0.006,0.789,0.278,0.254,0.214,0.82,0.746,1
1240,0.654,0.008,0.601,0.274,0.437,0.406,0.744,0.674,2
1241,0.62,0.008,0.669,0.278,0.24,0.17,0.576,0.658,2
1242,0.631,0.008,0.686,0.278,0.283,0.278,0.591,0.683,2
1243,0.678,0.009,0.686,0.278,0.172,0.149,0.668,0.7,2
1244,0.677,0.009,0.721,0.327,0.201,0.214,0.652,0.742,2
1245,0.693,0.007,0.755,0.27,0.366,0.297,0.637,0.786,2
1246,0.696,0.007,0.755,0.25,0.237,0.17,0.668,0.796,2
1247,0.734,0.007,0.755,0.286,0.208,0.236,0.729,0.816,2
1248,0.801,0.005,0.824,0.286,0.269,0.257,0.759,0.877,2
1249,0.783,0.006,0.772,0.29,0.211,0.318,0.774,0.81,2
1250,0.81,0.007,0.772,0.278,0.204,0.236,0.774,0.792,1
1251,0.747,0.004,0.806,0.206,0.434,0.427,0.729,0.844,2
1252,0.733,0.005,0.806,0.258,0.344,0.257,0.668,0.836,2
1253,0.75,0.006,0.755,0.278,0.147,0.13,0.744,0.814,1
1254,0.837,0.006,0.841,0.278,0.43,0.363,0.835,0.846,2
1255,0.866,0.005,0.875,0.274,0.412,0.363,0.805,0.881,2
1256,0.823,0.006,0.806,0.339,0.366,0.297,0.851,0.76,1
1257,0.873,0.005,0.909,0.294,0.272,0.278,0.835,0.899,2
1258,0.815,0.007,0.806,0.363,0.215,0.236,0.774,0.824,1
1259,0.831,0.008,0.858,0.383,0.176,0.17,0.79,0.837,1
1260,0.846,0.007,0.875,0.282,0.283,0.363,0.805,0.892,2
1261,0.921,0.006,0.944,0.282,0.427,0.318,0.866,0.917,2
1262,0.927,0.006,0.892,0.278,0.333,0.318,0.866,0.904,2
1263,0.925,0.006,0.944,0.294,0.312,0.384,0.866,0.936,2
1264,0.936,0.005,0.944,0.315,0.323,0.257,0.866,0.955,1
1265,0.873,0.007,0.875,0.266,0.222,0.427,0.851,0.938,2
1266,0.885,0.007,0.909,0.274,0.215,0.195,0.835,0.955,2
1267,0.856,0.007,0.841,0.278,0.308,0.318,0.82,0.839,1
1268,0.834,0.008,0.841,0.278,0.118,0.087,0.79,0.853,1
1269,0.844,0.008,0.858,0.278,0.176,0.17,0.805,0.876,2
1270,0.871,0.007,0.909,0.278,0.233,0.214,0.82,0.931,2
1271,0.869,0.008,0.875,0.27,0.215,0.195,0.805,0.929,2
1272,0.838,0.008,0.858,0.238,0.258,0.406,0.774,0.942,2
1273,0.902,0.007,0.909,0.262,0.211,0.195,0.851,0.984,2
1274,0.866,0.007,0.892,0.27,0.265,0.554,0.82,0.931,2
1275,0.882,0.008,0.892,0.278,0.133,0.108,0.805,0.904,1
1276,0.854,0.008,0.892,0.278,0.118,0.068,0.774,0.928,1
1277,0.846,0.008,0.909,0.278,0.176,0.17,0.759,0.933,2
1278,0.843,0.008,0.875,0.27,0.226,0.149,0.79,0.909,1
1279,0.857,0.007,0.875,0.23,0.219,0.149,0.805,0.919,1
1280,0.879,0.007,0.909,0.198,0.19,0.149,0.82,0.945,1
1281,0.89,0.007,0.909,0.21,0.229,0.236,0.835,0.945,1
1282,0.864,0.007,0.841,0.27,0.301,0.467,0.82,0.916,2
1283,0.879,0.009,0.909,0.25,0.168,0.195,0.835,0.949,2
1284,0.867,0.008,0.875,0.278,0.179,0.195,0.866,0.934,1
1285,0.904,0.007,0.909,0.218,0.14,0.108,0.866,0.975,1
1286,0.92,0.007,0.927,0.286,0.176,0.108,0.866,0.94,1
1287,0.95,0.007,0.944,0.294,0.204,0.17,0.912,0.966,1
1288,0.936,0.007,0.961,0.286,0.254,0.363,0.881,0.922,1
1289,0.842,0.008,0.858,0.234,0.287,0.406,0.79,0.911,2
1290,0.835,0.008,0.875,0.31,0.147,0.13,0.79,0.881,1
1291,0.822,0.009,0.858,0.315,0.194,0.149,0.759,0.852,1
1292,0.79,0.009,0.841,0.298,0.222,0.195,0.744,0.84,2
1293,0.771,0.009,0.824,0.278,0.204,0.17,0.729,0.85,2
1294,0.809,0.008,0.806,0.238,0.129,0.108,0.79,0.889,1
1295,0.874,0.008,0.858,0.286,0.186,0.149,0.835,0.933,1
1296,0.853,0.008,0.875,0.339,0.24,0.17,0.82,0.864,1
1297,0.812,0.008,0.841,0.286,0.265,0.17,0.744,0.835,2
1298,0.799,0.009,0.824,0.278,0.19,0.108,0.744,0.837,1
1299,0.798,0.01,0.824,0.298,0.226,0.17,0.759,0.854,1
1300,0.803,0.008,0.858,0.262,0.305,0.214,0.744,0.892,2
1301,0.81,0.008,0.824,0.286,0.197,0.278,0.79,0.899,2
1302,0.821,0.008,0.841,0.278,0.158,0.214,0.774,0.894,2
1303,0.796,0.008,0.858,0.165,0.297,0.214,0.729,0.892,2
1304,0.774,0.008,0.841,0.214,0.287,0.236,0.713,0.859,2
1305,0.776,0.008,0.841,0.185,0.143,0.13,0.744,0.865,2
1306,0.801,0.008,0.789,0.21,0.168,0.214,0.805,0.883,2
1307,0.868,0.008,0.875,0.266,0.19,0.149,0.835,0.929,1
1308,0.878,0.008,0.927,0.23,0.165,0.17,0.805,0.949,1
1309,0.815,0.009,0.806,0.198,0.154,0.108,0.774,0.855,1
1310,0.829,0.009,0.841,0.242,0.125,0.087,0.774,0.875,1
1311,0.833,0.009,0.875,0.181,0.151,0.17,0.774,0.901,2
1312,0.806,0.008,0.824,0.145,0.125,0.108,0.805,0.909,1
1313,0.834,0.007,0.858,0.266,0.168,0.149,0.79,0.912,2
1314,0.917,0.007,0.944,0.23,0.344,0.214,0.835,0.916,1
1315,0.901,0.007,0.927,0.25,0.28,0.236,0.866,0.928,1
1316,0.916,0.008,0.927,0.206,0.211,0.149,0.881,0.969,1
1317,0.922,0.008,0.927,0.278,0.233,0.195,0.881,0.956,1
1318,0.925,0.009,0.944,0.27,0.201,0.17,0.881,0.968,2
1319,0.842,0.009,0.875,0.238,0.272,0.87,0.805,0.922,2
1320,0.885,0.008,0.875,0.238,0.233,0.195,0.851,0.925,1
1321,0.893,0.006,0.909,0.278,0.183,0.149,0.866,0.919,1
1322,0.899,0.006,0.927,0.27,0.215,0.297,0.851,0.948,2
1323,0.849,0.007,0.858,0.278,0.211,0.257,0.835,0.883,1
1324,0.803,0.008,0.841,0.262,0.179,0.195,0.759,0.865,2
1325,0.824,0.007,0.858,0.262,0.265,0.214,0.835,0.924,2
1326,0.867,0.008,0.892,0.242,0.222,0.195,0.805,0.932,1
1327,0.847,0.008,0.841,0.278,0.115,0.108,0.835,0.894,1
1328,0.856,0.008,0.841,0.298,0.158,0.149,0.82,0.902,1
1329,0.85,0.008,0.875,0.319,0.258,0.214,0.805,0.894,2
1330,0.801,0.008,0.806,0.262,0.186,0.17,0.774,0.862,1
1331,0.829,0.007,0.806,0.278,0.143,0.17,0.82,0.862,1
1332,0.839,0.006,0.824,0.278,0.219,0.17,0.82,0.85,1
1333,0.847,0.007,0.841,0.27,0.168,0.13,0.82,0.897,1
1334,0.868,0.008,0.858,0.278,0.161,0.13,0.851,0.905,1
1335,0.909,0.007,0.909,0.222,0.136,0.108,0.881,0.948,1
1336,0.868,0.007,0.875,0.278,0.219,0.17,0.851,0.863,1
1337,0.757,0.008,0.755,0.278,0.222,0.17,0.729,0.728,1
1338,0.75,0.009,0.738,0.278,0.305,0.278,0.744,0.724,1
1339,0.792,0.008,0.789,0.31,0.323,0.257,0.805,0.765,1
1340,0.81,0.008,0.755,0.331,0.237,0.17,0.835,0.763,1
1341,0.845,0.007,0.806,0.282,0.165,0.13,0.866,0.813,1
1342,0.853,0.007,0.858,0.355,0.247,0.257,0.805,0.877,1
1343,0.82,0.006,0.858,0.282,0.269,0.236,0.79,0.897,2
1344,0.821,0.008,0.841,0.29,0.247,0.214,0.79,0.861,1
1345,0.821,0.009,0.806,0.278,0.143,0.13,0.79,0.825,1
1346,0.812,0.008,0.824,0.21,0.147,0.13,0.79,0.871,1
1347,0.84,0.007,0.841,0.238,0.201,0.214,0.835,0.877,1
1348,0.869,0.006,0.841,0.29,0.287,0.214,0.881,0.868,1
1349,0.799,0.006,0.841,0.262,0.208,0.278,0.82,0.886,2
1350,0.698,0.008,0.704,0.278,0.319,0.257,0.698,0.733,2
1351,0.664,0.009,0.704,0.278,0.226,0.195,0.652,0.67,1
1352,0.675,0.009,0.669,0.282,0.151,0.17,0.698,0.696,1
1353,0.767,0.007,0.789,0.266,0.161,0.149,0.759,0.835,2
1354,0.827,0.006,0.824,0.19,0.276,0.318,0.866,0.898,2
1355,0.918,0.005,0.927,0.278,0.398,0.278,0.851,0.905,2
1356,0.825,0.007,0.806,0.278,0.179,0.17,0.805,0.824,2
1357,0.818,0.008,0.806,0.278,0.179,0.17,0.79,0.835,1
1358,0.837,0.007,0.806,0.234,0.143,0.149,0.835,0.883,1
1359,0.798,0.007,0.789,0.27,0.244,0.318,0.79,0.833,2
1360,0.637,0.01,0.635,0.278,0.258,0.236,0.622,0.594,1
1361,0.587,0.008,0.652,0.153,0.301,0.278,0.561,0.694,2
1362,0.58,0.008,0.652,0.181,0.204,0.17,0.53,0.709,2
1363,0.64,0.008,0.704,0.246,0.473,0.594,0.606,0.767,2
1364,0.668,0.006,0.704,0.315,0.222,0.214,0.622,0.761,2
1365,0.611,0.007,0.635,0.335,0.237,0.17,0.606,0.673,1
1366,0.646,0.009,0.652,0.29,0.272,0.236,0.622,0.679,1
1367,0.62,0.01,0.566,0.327,0.14,0.17,0.652,0.668,1
1368,0.658,0.009,0.669,0.286,0.308,0.236,0.683,0.702,1
1369,0.694,0.008,0.686,0.278,0.283,0.257,0.713,0.742,1
1370,0.711,0.008,0.721,0.278,0.301,0.278,0.698,0.773,1
1371,0.637,0.01,0.618,0.278,0.197,0.149,0.622,0.661,1
1372,0.633,0.009,0.601,0.266,0.082,0.087,0.683,0.676,1
1373,0.707,0.007,0.721,0.27,0.287,0.297,0.729,0.742,2
1374,0.787,0.006,0.806,0.254,0.366,0.363,0.744,0.835,2
1375,0.774,0.006,0.824,0.21,0.43,0.318,0.729,0.859,2
1376,0.743,0.006,0.738,0.246,0.366,0.344,0.668,0.864,2
1377,0.604,0.008,0.618,0.319,0.301,0.297,0.622,0.663,2
1378,0.627,0.01,0.635,0.331,0.161,0.236,0.606,0.662,1
1379,0.602,0.011,0.635,0.278,0.108,0.087,0.576,0.648,2
1380,0.59,0.011,0.583,0.278,0.201,0.17,0.622,0.649,1
1381,0.609,0.012,0.583,0.331,0.122,0.17,0.652,0.645,1
1382,0.619,0.011,0.601,0.347,0.226,0.236,0.637,0.66,1
1383,0.645,0.009,0.652,0.278,0.262,0.236,0.637,0.696,1
1384,0.67,0.009,0.652,0.278,0.211,0.195,0.698,0.729,2
1385,0.679,0.008,0.721,0.278,0.179,0.17,0.622,0.781,2
1386,0.749,0.008,0.789,0.278,0.183,0.13,0.698,0.833,2
1387,0.733,0.007,0.789,0.274,0.29,0.257,0.683,0.839,2
1388,0.731,0.006,0.755,0.278,0.369,0.297,0.668,0.809,1
1389,0.629,0.009,0.652,0.278,0.247,0.17,0.606,0.682,1
1390,0.572,0.01,0.635,0.278,0.247,0.236,0.515,0.655,1
1391,0.56,0.01,0.635,0.27,0.326,0.236,0.484,0.665,2
1392,0.568,0.008,0.635,0.153,0.559,0.363,0.515,0.7,2
1393,0.49,0.009,0.549,0.23,0.366,0.278,0.439,0.607,2
1394,0.482,0.01,0.549,0.278,0.222,0.17,0.439,0.554,1
1395,0.474,0.01,0.532,0.278,0.154,0.087,0.423,0.546,1
1396,0.456,0.01,0.48,0.262,0.197,0.149,0.439,0.531,1
1397,0.469,0.01,0.549,0.185,0.326,0.257,0.423,0.575,2
1398,0.467,0.009,0.549,0.141,0.179,0.149,0.423,0.603,2
1399,0.532,0.007,0.601,0.109,0.398,0.318,0.469,0.67,2
1400,0.52,0.003,0.549,0.206,0.792,0.743,0.545,0.619,2
1401,0.482,0.009,0.498,0.294,0.401,0.554,0.53,0.51,1
1402,0.52,0.01,0.583,0.302,0.183,0.195,0.484,0.581,1
1403,0.5,0.009,0.498,0.218,0.168,0.195,0.561,0.59,1
1404,0.554,0.007,0.566,0.278,0.233,0.384,0.606,0.634,1
1405,0.496,0.008,0.532,0.266,0.315,0.236,0.53,0.584,1
1406,0.56,0.006,0.583,0.27,0.254,0.297,0.515,0.645,1
1407,0.535,0.008,0.532,0.238,0.136,0.108,0.622,0.627,1
1408,0.632,0.006,0.669,0.278,0.459,0.384,0.606,0.675,1
1409,0.463,0.009,0.48,0.319,0.384,0.344,0.469,0.507,1
1410,0.445,0.01,0.463,0.306,0.108,0.13,0.454,0.51,1
1411,0.502,0.009,0.515,0.286,0.265,0.236,0.576,0.571,1
1412,0.62,0.007,0.652,0.29,0.326,0.318,0.622,0.639,1
1413,0.597,0.008,0.583,0.294,0.258,0.318,0.561,0.623,1
1414,0.539,0.009,0.515,0.278,0.283,0.363,0.576,0.573,1
1415,0.607,0.007,0.601,0.278,0.247,0.257,0.591,0.645,1
1416,0.566,0.008,0.566,0.278,0.108,0.108,0.622,0.554,1
1417,0.597,0.008,0.583,0.278,0.118,0.17,0.668,0.631,1
1418,0.602,0.007,0.601,0.145,0.118,0.108,0.591,0.724,2
1419,0.704,0.005,0.738,0.222,0.308,0.318,0.683,0.82,1
1420,0.613,0.007,0.601,0.278,0.258,0.297,0.622,0.663,2
1421,0.585,0.009,0.583,0.29,0.254,0.297,0.668,0.647,1
1422,0.644,0.007,0.652,0.278,0.211,0.149,0.591,0.728,1
1423,0.602,0.006,0.652,0.157,0.147,0.13,0.606,0.725,1
1424,0.655,0.006,0.686,0.181,0.179,0.195,0.637,0.782,1
1425,0.599,0.006,0.618,0.21,0.226,0.257,0.576,0.738,2
1426,0.466,0.007,0.515,0.254,0.341,0.278,0.439,0.558,1
1427,0.421,0.009,0.429,0.278,0.158,0.236,0.439,0.502,1
1428,0.433,0.01,0.429,0.278,0.176,0.195,0.515,0.486,1
1429,0.458,0.01,0.463,0.278,0.179,0.149,0.484,0.526,1
1430,0.464,0.012,0.463,0.278,0.183,0.149,0.484,0.505,1
1431,0.451,0.011,0.429,0.278,0.194,0.214,0.515,0.472,1
1432,0.466,0.01,0.48,0.278,0.122,0.087,0.53,0.513,1
1433,0.504,0.01,0.515,0.278,0.161,0.195,0.53,0.564,1
1434,0.499,0.01,0.48,0.278,0.176,0.214,0.576,0.578,1
1435,0.496,0.01,0.498,0.278,0.222,0.278,0.5,0.577,1
1436,0.496,0.01,0.498,0.278,0.323,0.493,0.484,0.504,1
1437,0.453,0.009,0.429,0.278,0.297,0.297,0.5,0.496,1
1438,0.508,0.005,0.566,0.278,0.362,0.363,0.469,0.568,1
1439,0.372,0.009,0.412,0.298,0.495,0.384,0.423,0.426,1
1440,0.274,0.011,0.326,0.238,0.341,0.236,0.255,0.345,1
1441,0.198,0.011,0.275,0.274,0.491,0.363,0.179,0.299,1
1442,0.169,0.013,0.189,0.278,0.308,0.236,0.194,0.237,1
1443,0.236,0.012,0.257,0.278,0.219,0.195,0.271,0.285,1
1444,0.268,0.012,0.292,0.278,0.194,0.236,0.332,0.313,1
1445,0.322,0.01,0.309,0.278,0.233,0.195,0.439,0.369,1
1446,0.376,0.009,0.395,0.278,0.269,0.318,0.393,0.454,1
1447,0.445,0.007,0.463,0.278,0.247,0.257,0.454,0.512,1
1448,0.41,0.008,0.429,0.319,0.229,0.427,0.439,0.505,2
1449,0.374,0.008,0.36,0.323,0.584,0.66,0.439,0.41,1
1450,0.232,0.01,0.292,0.222,0.351,0.297,0.225,0.316,1
1451,0.182,0.01,0.189,0.266,0.219,0.17,0.225,0.313,1
1452,0.242,0.01,0.309,0.21,0.33,0.278,0.209,0.365,1
1453,0.23,0.009,0.309,0.089,0.444,0.467,0.209,0.365,1
1454,0.16,0.01,0.206,0.173,0.703,0.467,0.179,0.276,1
1455,0.096,0.011,0.137,0.274,0.462,0.406,0.103,0.203,1
1456,0.178,0.01,0.12,0.246,0.28,0.278,0.316,0.306,1
1457,0.359,0.009,0.292,0.27,0.341,0.493,0.408,0.477,1
1458,0.184,0.011,0.257,0.258,0.237,0.297,0.164,0.283,1
1459,0.231,0.009,0.309,0.246,0.33,0.384,0.225,0.351,1
1460,0.135,0.011,0.154,0.278,0.355,0.363,0.194,0.243,1
1461,0.338,0.007,0.326,0.278,0.269,0.257,0.484,0.424,1
1462,0.398,0.006,0.36,0.242,0.287,0.344,0.439,0.528,1
1463,0.177,0.01,0.223,0.258,0.33,0.344,0.194,0.298,1
1464,0.253,0.01,0.275,0.278,0.133,0.087,0.347,0.375,1
1465,0.411,0.007,0.446,0.274,0.244,0.149,0.423,0.531,1
1466,0.493,0.007,0.498,0.331,0.222,0.278,0.469,0.591,1
1467,0.469,0.006,0.515,0.25,0.251,0.278,0.469,0.525,2
1468,0.453,0.007,0.498,0.278,0.552,0.467,0.423,0.365,2
1469,0.446,0.007,0.498,0.278,0.219,0.17,0.423,0.482,1
1470,0.422,0.007,0.463,0.278,0.151,0.149,0.423,0.53,1
1471,0.45,0.006,0.48,0.25,0.226,0.278,0.439,0.567,2
1472,0.44,0.006,0.515,0.121,0.455,0.467,0.393,0.559,2
1473,0.41,0.007,0.48,0.153,0.48,0.384,0.347,0.523,2
1474,0.405,0.008,0.48,0.198,0.287,0.318,0.347,0.514,2
1475,0.352,0.011,0.378,0.266,0.269,0.257,0.332,0.419,1
1476,0.407,0.009,0.446,0.254,0.337,0.318,0.439,0.501,1
1477,0.481,0.007,0.532,0.258,0.384,0.278,0.484,0.571,1
1478,0.403,0.01,0.446,0.278,0.287,0.257,0.377,0.47,1
1479,0.406,0.011,0.412,0.258,0.118,0.149,0.454,0.487,1
1480,0.411,0.011,0.446,0.242,0.247,0.195,0.408,0.495,1
1481,0.46,0.01,0.532,0.266,0.323,0.278,0.393,0.512,2
1482,0.457,0.008,0.532,0.097,0.237,0.214,0.423,0.577,2
1483,0.487,0.007,0.48,0.319,0.369,0.344,0.515,0.51,2
1484,0.545,0.005,0.583,0.278,0.423,0.554,0.561,0.547,2
1485,0.46,0.009,0.446,0.278,0.348,0.573,0.469,0.509,1
1486,0.583,0.007,0.583,0.286,0.462,0.406,0.622,0.571,1
1487,0.486,0.008,0.48,0.286,0.186,0.236,0.515,0.54,1
1488,0.508,0.007,0.532,0.278,0.272,0.214,0.5,0.575,2
1489,0.54,0.006,0.549,0.254,0.265,0.214,0.606,0.624,1
1490,0.566,0.008,0.532,0.278,0.211,0.384,0.561,0.551,1
1491,0.62,0.006,0.601,0.282,0.366,0.427,0.744,0.628,2
1492,0.503,0.005,0.429,0.214,0.631,0.573,0.561,0.582,2
1493,0.396,0.01,0.446,0.278,0.62,0.573,0.377,0.411,1
1494,0.397,0.012,0.395,0.278,0.355,0.363,0.454,0.398,1
1495,0.501,0.009,0.48,0.278,0.283,0.236,0.622,0.501,1
1496,0.578,0.006,0.583,0.278,0.28,0.257,0.576,0.546,1
1497,0.456,0.008,0.498,0.278,0.509,0.384,0.484,0.493,1
1498,0.393,0.008,0.412,0.258,0.186,0.236,0.393,0.475,1
1499,0.432,0.007,0.515,0.165,0.33,0.257,0.393,0.526,2
1500,0.375,0.009,0.412,0.177,0.312,0.257,0.347,0.481,1
1501,0.398,0.01,0.48,0.085,0.276,0.195,0.347,0.51,1
1502,0.355,0.012,0.378,0.27,0.154,0.108,0.347,0.443,1
1503,0.36,0.01,0.429,0.177,0.53,0.213,0.316,0.447,1
1504,0.392,0.008,0.463,0.149,0.373,0.318,0.347,0.495,1
1505,0.406,0.009,0.446,0.258,0.269,0.214,0.408,0.49,1
1506,0.414,0.009,0.395,0.181,0.183,0.257,0.439,0.502,1
1507,0.519,0.007,0.583,0.258,0.319,0.236,0.469,0.586,1
1508,0.484,0.006,0.532,0.222,0.251,0.363,0.454,0.582,2
1509,0.489,0.007,0.515,0.278,0.337,0.297,0.5,0.53,1
1510,0.534,0.007,0.498,0.278,0.111,0.108,0.622,0.54,1
1511,0.559,0.007,0.549,0.27,0.484,0.467,0.606,0.593,2
1512,0.408,0.009,0.412,0.278,0.358,0.406,0.408,0.427,1
1513,0.487,0.007,0.515,0.278,0.384,0.384,0.545,0.449,1
1514,0.508,0.007,0.549,0.274,0.405,0.344,0.515,0.523,1
1515,0.429,0.011,0.48,0.226,0.423,0.318,0.408,0.491,2
1516,0.398,0.012,0.429,0.278,0.358,0.363,0.423,0.444,1
1517,0.418,0.008,0.48,0.105,0.566,0.533,0.408,0.503,2
1518,0.393,0.008,0.446,0.234,0.434,0.344,0.362,0.479,1
1519,0.393,0.009,0.446,0.278,0.226,0.17,0.362,0.474,1
1520,0.403,0.011,0.446,0.274,0.24,0.17,0.377,0.48,1
1521,0.404,0.011,0.463,0.278,0.269,0.214,0.362,0.449,1
1522,0.421,0.01,0.463,0.27,0.323,0.257,0.408,0.479,1
1523,0.435,0.01,0.446,0.278,0.215,0.214,0.454,0.461,1
1524,0.51,0.008,0.48,0.278,0.308,0.297,0.622,0.497,1
1525,0.605,0.006,0.532,0.323,0.28,0.318,0.668,0.59,1
1526,0.656,0.006,0.652,0.278,0.509,0.573,0.713,0.599,1
1527,0.522,0.011,0.515,0.278,0.344,0.297,0.53,0.478,1
1528,0.528,0.011,0.532,0.278,0.168,0.17,0.53,0.509,1
1529,0.556,0.01,0.515,0.278,0.208,0.318,0.622,0.512,1
1530,0.537,0.01,0.515,0.278,0.258,0.297,0.561,0.512,1
1531,0.492,0.009,0.532,0.198,0.262,0.214,0.515,0.513,2
1532,0.482,0.009,0.48,0.218,0.161,0.13,0.515,0.548,1
1533,0.512,0.009,0.515,0.278,0.222,0.236,0.53,0.496,1
1534,0.489,0.011,0.446,0.278,0.219,0.149,0.5,0.438,1
1535,0.531,0.01,0.515,0.278,0.233,0.344,0.576,0.456,1
1536,0.562,0.008,0.549,0.278,0.462,0.406,0.561,0.533,2
1537,0.613,0.008,0.652,0.27,0.437,0.344,0.591,0.641,2
1538,0.622,0.01,0.583,0.31,0.165,0.236,0.683,0.554,1
1539,0.68,0.008,0.618,0.278,0.391,0.493,0.713,0.623,1
1540,0.718,0.006,0.772,0.278,0.53,0.384,0.683,0.711,1
1541,0.733,0.004,0.721,0.278,0.437,0.363,0.774,0.755,1
1542,0.58,0.006,0.601,0.278,0.376,0.297,0.652,0.614,1
1543,0.565,0.006,0.635,0.198,0.294,0.278,0.53,0.671,2
1544,0.56,0.007,0.532,0.278,0.179,0.214,0.622,0.599,1
1545,0.628,0.006,0.652,0.25,0.473,0.446,0.606,0.665,2
1546,0.596,0.007,0.601,0.319,0.487,0.533,0.622,0.637,2
1547,0.698,0.008,0.686,0.339,0.247,0.17,0.744,0.688,1
1548,0.731,0.005,0.755,0.282,0.362,0.446,0.729,0.695,2
1549,0.611,0.004,0.652,0.27,0.427,0.363,0.652,0.692,2
1550,0.615,0.005,0.652,0.27,0.53,0.384,0.652,0.656,2
1551,0.585,0.007,0.618,0.278,0.692,0.573,0.576,0.6,1
1552,0.613,0.01,0.566,0.278,0.161,0.195,0.652,0.615,1
1553,0.681,0.009,0.704,0.278,0.319,0.297,0.637,0.654,2
1554,0.641,0.007,0.686,0.161,0.297,0.278,0.606,0.74,2
1555,0.536,0.007,0.583,0.19,0.652,0.594,0.5,0.616,2
1556,0.475,0.007,0.549,0.234,0.667,0.493,0.439,0.58,2
1557,0.504,0.009,0.549,0.254,0.509,0.384,0.515,0.579,1
1558,0.571,0.009,0.532,0.31,0.104,0.149,0.637,0.58,1
1559,0.658,0.008,0.635,0.306,0.305,0.344,0.652,0.605,1
1560,0.711,0.007,0.721,0.278,0.237,0.363,0.729,0.662,2
1561,0.716,0.005,0.704,0.278,0.219,0.318,0.713,0.741,2
1562,0.631,0.005,0.686,0.25,0.452,0.344,0.591,0.732,2
1563,0.55,0.009,0.601,0.278,0.473,0.363,0.5,0.636,2
1564,0.616,0.011,0.669,0.278,0.201,0.195,0.591,0.684,1
1565,0.649,0.009,0.704,0.278,0.323,0.318,0.591,0.667,2
1566,0.631,0.007,0.686,0.206,0.258,0.195,0.591,0.742,2
1567,0.632,0.006,0.704,0.081,0.394,0.344,0.561,0.758,2
1568,0.631,0.008,0.704,0.157,0.297,0.278,0.576,0.743,2
1569,0.69,0.01,0.721,0.323,0.247,0.236,0.683,0.695,1
1570,0.698,0.01,0.669,0.323,0.244,0.214,0.683,0.631,1
1571,0.706,0.009,0.669,0.339,0.208,0.214,0.698,0.652,1
1572,0.708,0.008,0.738,0.278,0.351,0.344,0.652,0.69,2
1573,0.753,0.005,0.789,0.278,0.509,0.406,0.744,0.787,2
1574,0.757,0.003,0.806,0.278,0.552,0.493,0.729,0.818,2
1575,0.66,0.002,0.721,0.262,0.398,0.446,0.637,0.766,2
1576,0.618,0.004,0.704,0.266,0.552,0.406,0.545,0.716,2
1577,0.61,0.005,0.669,0.27,0.427,0.297,0.576,0.704,2
1578,0.654,0.007,0.652,0.278,0.219,0.257,0.652,0.714,1
1579,0.711,0.007,0.686,0.278,0.341,0.406,0.759,0.754,2
1580,0.789,0.006,0.841,0.278,0.462,0.363,0.744,0.833,2
1581,0.701,0.007,0.704,0.278,0.333,0.297,0.698,0.757,2
1582,0.685,0.008,0.704,0.278,0.269,0.278,0.683,0.714,2
1583,0.699,0.008,0.652,0.278,0.154,0.108,0.729,0.681,1
1584,0.707,0.007,0.755,0.242,0.358,0.278,0.683,0.783,2
1585,0.75,0.007,0.789,0.242,0.262,0.297,0.713,0.835,2
1586,0.829,0.006,0.824,0.226,0.337,0.363,0.805,0.919,2
1587,0.757,0.007,0.772,0.266,0.416,0.406,0.744,0.809,2
1588,0.709,0.009,0.686,0.294,0.208,0.195,0.729,0.73,2
1589,0.774,0.008,0.755,0.294,0.341,0.363,0.759,0.775,1
1590,0.785,0.007,0.824,0.27,0.358,0.318,0.744,0.833,2
1591,0.786,0.007,0.824,0.214,0.276,0.278,0.744,0.845,2
1592,0.801,0.008,0.789,0.278,0.133,0.195,0.79,0.819,1
1593,0.753,0.008,0.806,0.266,0.412,0.406,0.744,0.807,2
1594,0.744,0.008,0.755,0.278,0.262,0.297,0.698,0.748,1
1595,0.744,0.008,0.738,0.278,0.269,0.278,0.698,0.724,1
1596,0.75,0.008,0.704,0.31,0.143,0.149,0.744,0.669,1
1597,0.814,0.008,0.755,0.31,0.19,0.195,0.835,0.743,1
1598,0.856,0.008,0.841,0.278,0.222,0.195,0.82,0.789,1
1599,0.846,0.008,0.824,0.278,0.258,0.236,0.805,0.816,1
1600,0.841,0.008,0.858,0.278,0.258,0.363,0.805,0.877,2
1601,0.787,0.007,0.841,0.25,0.28,0.257,0.713,0.881,2
1602,0.777,0.006,0.824,0.266,0.333,0.318,0.729,0.864,2
1603,0.731,0.008,0.721,0.278,0.208,0.344,0.729,0.792,1
1604,0.784,0.008,0.806,0.278,0.297,0.297,0.744,0.841,2
1605,0.846,0.007,0.892,0.266,0.355,0.297,0.82,0.912,2
1606,0.893,0.006,0.944,0.278,0.409,0.297,0.82,0.93,2
1607,0.893,0.006,0.927,0.278,0.419,0.344,0.82,0.9,1
1608,0.857,0.007,0.806,0.278,0.201,0.257,0.851,0.787,1
1609,0.894,0.007,0.875,0.278,0.373,0.318,0.835,0.909,1
1610,0.88,0.007,0.909,0.278,0.387,0.318,0.835,0.912,2
1611,0.797,0.007,0.824,0.27,0.197,0.363,0.744,0.881,2
1612,0.772,0.008,0.824,0.206,0.165,0.17,0.713,0.885,2
1613,0.787,0.008,0.806,0.27,0.226,0.149,0.744,0.86,1
1614,0.805,0.009,0.841,0.278,0.211,0.257,0.744,0.854,2
1615,0.764,0.009,0.755,0.278,0.201,0.236,0.729,0.748,1
1616,0.69,0.009,0.704,0.278,0.244,0.149,0.713,0.717,2
1617,0.661,0.01,0.704,0.278,0.186,0.195,0.652,0.731,2
1618,0.707,0.01,0.686,0.278,0.133,0.108,0.683,0.712,1
1619,0.732,0.009,0.738,0.278,0.312,0.297,0.698,0.732,1
1620,0.738,0.009,0.806,0.274,0.348,0.257,0.683,0.808,1
1621,0.78,0.009,0.824,0.23,0.28,0.236,0.759,0.853,1
1622,0.82,0.008,0.824,0.254,0.262,0.257,0.805,0.884,1
1623,0.813,0.007,0.875,0.202,0.398,0.344,0.79,0.907,2
1624,0.804,0.006,0.824,0.238,0.226,0.384,0.79,0.893,2
1625,0.862,0.007,0.858,0.226,0.118,0.149,0.805,0.901,1
1626,0.865,0.007,0.858,0.278,0.247,0.297,0.805,0.916,1
1627,0.857,0.006,0.858,0.278,0.265,0.236,0.82,0.912,1
1628,0.842,0.006,0.858,0.258,0.237,0.318,0.805,0.922,2
1629,0.802,0.006,0.841,0.278,0.276,0.363,0.744,0.86,1
1630,0.718,0.008,0.755,0.278,0.179,0.214,0.698,0.798,2
1631,0.73,0.007,0.772,0.262,0.201,0.17,0.713,0.826,2
1632,0.774,0.006,0.806,0.234,0.172,0.214,0.774,0.853,2
1633,0.827,0.006,0.824,0.25,0.247,0.363,0.805,0.905,2
1634,0.916,0.006,0.944,0.278,0.412,0.384,0.866,0.964,2
1635,0.921,0.007,0.944,0.278,0.412,0.318,0.866,0.952,1
1636,0.922,0.007,0.944,0.278,0.355,0.278,0.881,0.952,1
1637,0.852,0.009,0.858,0.27,0.276,0.363,0.851,0.857,2
1638,0.843,0.009,0.858,0.278,0.161,0.149,0.79,0.862,1
1639,0.897,0.007,0.892,0.278,0.297,0.257,0.881,0.921,1
1640,0.864,0.007,0.858,0.262,0.251,0.297,0.851,0.892,2
1641,0.777,0.009,0.806,0.278,0.312,0.278,0.744,0.788,1
1642,0.775,0.01,0.772,0.278,0.086,0.108,0.744,0.794,1
1643,0.802,0.009,0.806,0.278,0.147,0.17,0.759,0.818,1
1644,0.83,0.008,0.824,0.278,0.258,0.214,0.82,0.838,1
1645,0.875,0.007,0.858,0.278,0.33,0.257,0.835,0.899,1
1646,0.92,0.007,0.927,0.278,0.398,0.363,0.851,0.927,1
1647,0.863,0.007,0.892,0.262,0.265,0.236,0.805,0.917,2
1648,0.841,0.009,0.875,0.278,0.165,0.149,0.774,0.932,1
1649,0.889,0.008,0.909,0.27,0.24,0.17,0.835,0.958,2
1650,0.911,0.008,0.944,0.278,0.208,0.17,0.866,0.965,2
1651,0.907,0.007,0.927,0.278,0.222,0.363,0.881,0.951,2
1652,0.94,0.007,0.944,0.278,0.204,0.149,0.897,0.951,1
1653,0.944,0.008,0.944,0.278,0.219,0.195,0.881,0.96,1
1654,0.905,0.007,0.961,0.278,0.179,0.17,0.851,0.968,2
1655,0.913,0.007,0.927,0.278,0.165,0.108,0.881,0.985,1
1656,0.951,0.007,0.944,0.278,0.233,0.214,0.897,0.978,1
1657,0.913,0.007,0.944,0.274,0.179,0.149,0.851,0.967,2
1658,0.901,0.008,0.944,0.238,0.158,0.17,0.881,0.995,1
1659,0.925,0.007,0.944,0.278,0.154,0.108,0.881,0.979,1
1660,0.948,0.006,0.944,0.278,0.176,0.149,0.912,0.996,1
1661,0.953,0.005,0.961,0.278,0.204,0.214,0.897,0.953,2
1662,0.893,0.006,0.909,0.278,0.269,0.278,0.866,0.936,2
1663,0.812,0.009,0.824,0.278,0.258,0.195,0.79,0.843,1
1664,0.775,0.01,0.824,0.274,0.197,0.17,0.713,0.839,2
1665,0.769,0.01,0.789,0.278,0.118,0.13,0.744,0.85,1
1666,0.835,0.009,0.858,0.266,0.172,0.17,0.79,0.892,1
1667,0.806,0.009,0.789,0.278,0.111,0.13,0.79,0.806,1
1668,0.796,0.008,0.841,0.254,0.179,0.257,0.744,0.87,2
1669,0.838,0.007,0.875,0.23,0.283,0.318,0.774,0.933,2
1670,0.826,0.008,0.858,0.278,0.172,0.149,0.774,0.901,1
1671,0.841,0.007,0.824,0.278,0.24,0.236,0.82,0.908,1
1672,0.895,0.007,0.875,0.278,0.122,0.13,0.835,0.918,1
1673,0.836,0.007,0.841,0.27,0.222,0.257,0.835,0.899,2
1674,0.868,0.006,0.892,0.278,0.287,0.257,0.82,0.928,2
1675,0.779,0.007,0.806,0.278,0.448,0.384,0.82,0.811,1
1676,0.75,0.009,0.738,0.254,0.151,0.195,0.744,0.817,1
1677,0.803,0.008,0.806,0.278,0.319,0.318,0.805,0.849,1
1678,0.879,0.008,0.892,0.278,0.265,0.257,0.835,0.912,2
1679,0.87,0.009,0.841,0.278,0.158,0.149,0.82,0.902,1
1680,0.864,0.008,0.858,0.266,0.294,0.344,0.805,0.911,2
1681,0.806,0.008,0.824,0.278,0.265,0.195,0.774,0.838,1
1682,0.795,0.009,0.789,0.262,0.176,0.17,0.774,0.864,1
1683,0.826,0.008,0.824,0.278,0.24,0.195,0.79,0.885,1
1684,0.841,0.007,0.858,0.278,0.226,0.17,0.79,0.888,1
1685,0.827,0.007,0.841,0.258,0.269,0.278,0.774,0.868,1
1686,0.798,0.007,0.806,0.278,0.258,0.195,0.759,0.821,1
1687,0.804,0.008,0.789,0.254,0.136,0.13,0.774,0.866,1
1688,0.843,0.007,0.858,0.262,0.211,0.195,0.82,0.898,2
1689,0.853,0.008,0.841,0.21,0.129,0.13,0.835,0.92,1
1690,0.879,0.008,0.858,0.262,0.122,0.108,0.851,0.928,1
1691,0.891,0.008,0.927,0.278,0.147,0.108,0.82,0.944,1
1692,0.853,0.008,0.892,0.278,0.323,0.214,0.79,0.906,1
1693,0.824,0.008,0.841,0.278,0.341,0.236,0.805,0.848,1
1694,0.861,0.007,0.875,0.278,0.287,0.236,0.851,0.883,2
1695,0.883,0.007,0.875,0.278,0.244,0.236,0.866,0.892,1
1696,0.881,0.007,0.875,0.278,0.276,0.278,0.851,0.907,1
1697,0.823,0.007,0.875,0.23,0.244,0.17,0.805,0.893,2
1698,0.769,0.008,0.772,0.246,0.247,0.214,0.729,0.833,2
1699,0.77,0.008,0.755,0.278,0.208,0.257,0.759,0.812,1
1700,0.843,0.006,0.824,0.278,0.319,0.257,0.866,0.866,1
1701,0.799,0.008,0.772,0.278,0.394,0.318,0.835,0.775,2
1702,0.729,0.008,0.721,0.278,0.229,0.257,0.713,0.697,1
1703,0.734,0.007,0.686,0.278,0.108,0.108,0.759,0.745,1
1704,0.784,0.007,0.772,0.278,0.211,0.257,0.744,0.809,1
1705,0.756,0.008,0.789,0.274,0.344,0.318,0.698,0.796,2
1706,0.701,0.009,0.669,0.278,0.341,0.344,0.668,0.645,1
1707,0.7,0.009,0.686,0.278,0.186,0.214,0.683,0.657,1
1708,0.656,0.009,0.618,0.278,0.111,0.17,0.683,0.64,1
1709,0.695,0.01,0.669,0.278,0.118,0.13,0.729,0.685,1
1710,0.711,0.009,0.704,0.278,0.183,0.195,0.729,0.702,1
1711,0.749,0.008,0.721,0.278,0.215,0.214,0.79,0.752,1
1712,0.72,0.007,0.755,0.222,0.19,0.257,0.713,0.817,2
1713,0.654,0.009,0.686,0.278,0.283,0.278,0.591,0.694,2
1714,0.6,0.01,0.583,0.278,0.115,0.108,0.637,0.621,1
1715,0.681,0.009,0.618,0.278,0.165,0.195,0.759,0.69,1
1716,0.746,0.007,0.704,0.278,0.151,0.087,0.79,0.747,1
1717,0.793,0.006,0.772,0.278,0.219,0.149,0.805,0.761,1
1718,0.819,0.006,0.789,0.278,0.272,0.344,0.805,0.801,1
1719,0.77,0.006,0.824,0.274,0.337,0.297,0.744,0.786,2
1720,0.674,0.008,0.704,0.278,0.183,0.17,0.637,0.702,2
1721,0.669,0.009,0.721,0.278,0.204,0.214,0.637,0.685,2
1722,0.637,0.011,0.601,0.278,0.222,0.17,0.622,0.593,1
1723,0.652,0.008,0.635,0.278,0.211,0.257,0.683,0.637,1
1724,0.672,0.008,0.635,0.278,0.215,0.257,0.713,0.61,1
1725,0.551,0.009,0.566,0.278,0.459,0.446,0.591,0.569,2
1726,0.543,0.01,0.601,0.278,0.258,0.195,0.515,0.551,2
1727,0.529,0.011,0.498,0.25,0.179,0.195,0.622,0.589,1
1728,0.657,0.009,0.618,0.278,0.211,0.149,0.713,0.629,1
1729,0.7,0.008,0.669,0.278,0.265,0.363,0.729,0.651,1
1730,0.779,0.007,0.772,0.278,0.437,0.344,0.759,0.691,1
1731,0.753,0.007,0.755,0.278,0.19,0.149,0.713,0.728,1
1732,0.713,0.008,0.686,0.278,0.097,0.13,0.744,0.73,1
1733,0.725,0.008,0.738,0.278,0.219,0.236,0.713,0.698,1
1734,0.71,0.01,0.669,0.278,0.211,0.236,0.713,0.632,1
1735,0.785,0.007,0.755,0.278,0.344,0.297,0.835,0.726,1
1736,0.667,0.009,0.669,0.278,0.366,0.363,0.713,0.635,1
1737,0.638,0.008,0.618,0.278,0.251,0.257,0.713,0.618,1
1738,0.741,0.005,0.755,0.278,0.28,0.318,0.713,0.732,1
1739,0.678,0.008,0.704,0.278,0.505,0.363,0.652,0.614,1
1740,0.602,0.011,0.583,0.278,0.376,0.278,0.561,0.492,1
1741,0.537,0.009,0.532,0.278,0.19,0.278,0.591,0.53,2
1742,0.55,0.01,0.583,0.278,0.265,0.318,0.53,0.577,2
1743,0.539,0.01,0.498,0.278,0.118,0.13,0.652,0.548,1
1744,0.661,0.008,0.601,0.278,0.176,0.318,0.774,0.575,1
1745,0.665,0.008,0.652,0.278,0.394,0.384,0.683,0.542,1
1746,0.529,0.01,0.515,0.278,0.326,0.236,0.53,0.496,1
1747,0.508,0.01,0.463,0.278,0.165,0.17,0.591,0.49,1
1748,0.61,0.009,0.566,0.278,0.215,0.236,0.668,0.533,1
1749,0.631,0.009,0.566,0.278,0.165,0.195,0.729,0.58,1
1750,0.726,0.008,0.669,0.278,0.215,0.214,0.82,0.621,1
1751,0.649,0.009,0.618,0.278,0.247,0.214,0.683,0.599,2
1752,0.674,0.007,0.635,0.278,0.219,0.297,0.729,0.724,1
1753,0.654,0.008,0.669,0.278,0.315,0.278,0.698,0.658,1
1754,0.594,0.01,0.549,0.278,0.111,0.108,0.668,0.609,1
1755,0.648,0.009,0.704,0.278,0.398,0.467,0.591,0.586,1
1756,0.536,0.011,0.515,0.278,0.473,0.406,0.545,0.407,1
1757,0.531,0.009,0.515,0.278,0.122,0.108,0.591,0.413,1
1758,0.58,0.008,0.498,0.278,0.215,0.236,0.668,0.48,1
1759,0.653,0.009,0.686,0.278,0.287,0.257,0.606,0.516,1
1760,0.62,0.01,0.618,0.278,0.151,0.087,0.652,0.575,1
1761,0.64,0.01,0.583,0.274,0.104,0.13,0.698,0.658,1
1762,0.78,0.008,0.652,0.258,0.229,0.236,0.706,0.695,1
1763,0.722,0.007,0.704,0.278,0.262,0.195,0.713,0.721,1
1764,0.673,0.008,0.635,0.278,0.323,0.297,0.652,0.63,1
1765,0.58,0.01,0.583,0.226,0.201,0.195,0.591,0.621,1
1766,0.606,0.009,0.583,0.23,0.168,0.108,0.652,0.653,1
1767,0.665,0.008,0.583,0.278,0.168,0.195,0.79,0.614,1
1768,0.659,0.009,0.635,0.278,0.272,0.236,0.698,0.549,1
1769,0.579,0.01,0.549,0.278,0.125,0.149,0.637,0.522,1
1770,0.595,0.009,0.583,0.278,0.161,0.17,0.622,0.534,1
1771,0.596,0.007,0.601,0.278,0.326,0.214,0.622,0.523,1
1772,0.682,0.005,0.721,0.278,0.33,0.344,0.698,0.665,1
1773,0.543,0.007,0.566,0.278,0.602,0.493,0.637,0.563,2
1774,0.469,0.009,0.429,0.246,0.211,0.236,0.545,0.54,1
1775,0.567,0.006,0.583,0.278,0.247,0.17,0.561,0.606,1
1776,0.533,0.007,0.515,0.278,0.251,0.278,0.561,0.59,1
1777,0.52,0.008,0.566,0.214,0.541,0.512,0.53,0.615,2
1778,0.461,0.01,0.463,0.278,0.201,0.17,0.484,0.51,1
1779,0.466,0.009,0.463,0.278,0.233,0.257,0.515,0.501,1
1780,0.54,0.006,0.601,0.278,0.247,0.17,0.515,0.568,2
1781,0.552,0.008,0.618,0.278,0.197,0.195,0.515,0.607,2
1782,0.532,0.011,0.566,0.278,0.136,0.149,0.5,0.548,1
1783,0.476,0.013,0.48,0.278,0.111,0.068,0.5,0.534,1
1784,0.506,0.012,0.532,0.278,0.351,0.318,0.53,0.555,1
1785,0.557,0.008,0.583,0.278,0.419,0.344,0.561,0.569,1
1786,0.611,0.006,0.652,0.278,0.269,0.214,0.576,0.668,1
1787,0.571,0.006,0.618,0.145,0.194,0.195,0.53,0.687,2
1788,0.511,0.009,0.583,0.149,0.423,0.318,0.454,0.616,2
1789,0.44,0.009,0.463,0.278,0.477,0.427,0.408,0.5,1
1790,0.416,0.009,0.412,0.278,0.24,0.318,0.484,0.472,1
1791,0.47,0.007,0.463,0.278,0.297,0.236,0.545,0.526,1
1792,0.494,0.008,0.48,0.278,0.201,0.195,0.5,0.543,1
1793,0.478,0.009,0.515,0.278,0.326,0.297,0.469,0.511,1
1794,0.409,0.01,0.395,0.278,0.161,0.149,0.454,0.461,1
1795,0.436,0.009,0.446,0.278,0.229,0.149,0.484,0.5,1
1796,0.483,0.008,0.463,0.27,0.14,0.108,0.515,0.525,1
1797,0.443,0.008,0.412,0.278,0.165,0.149,0.515,0.469,1
1798,0.44,0.007,0.498,0.274,0.237,0.149,0.408,0.504,1
1799,0.422,0.008,0.498,0.165,0.52,0.493,0.377,0.507,1
1800,0.314,0.009,0.343,0.258,0.297,0.257,0.316,0.405,1
1801,0.354,0.009,0.412,0.254,0.283,0.214,0.316,0.47,1
1802,0.303,0.01,0.343,0.161,0.276,0.297,0.286,0.429,1
1803,0.397,0.008,0.446,0.129,0.416,0.406,0.377,0.522,2
1804,0.288,0.01,0.309,0.278,0.419,0.384,0.332,0.333,1
1805,0.18,0.011,0.223,0.278,0.222,0.236,0.225,0.296,1
1806,0.233,0.011,0.257,0.266,0.222,0.214,0.255,0.345,1
1807,0.264,0.011,0.275,0.25,0.154,0.13,0.393,0.384,1
1808,0.406,0.011,0.412,0.278,0.373,0.318,0.439,0.482,1
1809,0.383,0.011,0.378,0.278,0.176,0.195,0.5,0.481,1
1810,0.492,0.011,0.532,0.278,0.448,0.384,0.469,0.494,1
1811,0.425,0.009,0.446,0.278,0.441,0.512,0.423,0.461,2
1812,0.465,0.008,0.412,0.278,0.355,0.363,0.561,0.495,1
1813,0.514,0.007,0.48,0.278,0.165,0.17,0.606,0.538,1
1814,0.519,0.007,0.515,0.278,0.115,0.149,0.515,0.536,1
1815,0.464,0.008,0.446,0.27,0.168,0.236,0.53,0.534,1
